B;Vheate;sample;Power;VtpYring2;VtpXring2;VtpYring1;VtpXring1
0;0.2;'F150709B';2.77E-07;1.9327400000E-09;-2.6542800000E-11;2.2044600000E-09;1.1334300000E-09
0.005;0.2;'F150709B';2.77E-07;8.2620300000E-10;-7.8056800000E-10;5.9092800000E-10;3.6321800000E-11
0.01;0.2;'F150709B';2.77E-07;1.9346000000E-09;3.7206500000E-10;-2.0729100000E-09;3.0943400000E-10
0.015;0.2;'F150709B';2.77E-07;3.5926000000E-10;-4.7753900000E-10;5.7276700000E-10;-6.4331500000E-10
0.02;0.2;'F150709B';2.77E-07;1.3790600000E-09;1.1187600000E-09;-9.0199000000E-10;-1.5767400000E-09
0.025;0.2;'F150709B';2.77E-07;3.5553400000E-10;-4.8207900000E-10;1.7208600000E-09;9.8301800000E-10
0.03;0.2;'F150709B';2.77E-07;1.1124700000E-09;-8.6753100000E-10;-2.5003800000E-09;2.0628900000E-10
0.035;0.2;'F150709B';2.77E-07;-3.5823500000E-09;6.1514200000E-10;-1.7527600000E-09;-1.0011800000E-11
0.04;0.2;'F150709B';2.77E-07;-7.4310500000E-09;-5.7835500000E-10;-2.8922400000E-09;-6.0745900000E-10
0.045;0.2;'F150709B';2.77E-07;-1.4256700000E-08;4.5262500000E-10;-5.0794600000E-09;2.1020100000E-09
0.05;0.2;'F150709B';2.77E-07;-1.9049400000E-08;1.0617100000E-10;-3.5530100000E-09;-2.9616200000E-10
0.055;0.2;'F150709B';2.77E-07;-2.1558400000E-08;-5.0664300000E-10;-4.6203200000E-09;-2.1560200000E-10
0.06;0.2;'F150709B';2.77E-07;-2.3067100000E-08;-8.8289700000E-10;-1.3262100000E-09;-1.7509000000E-10
0.065;0.2;'F150709B';2.77E-07;-2.6250400000E-08;-2.4214600000E-10;1.6004900000E-09;-7.1805300000E-10
0.07;0.2;'F150709B';2.77E-07;-2.9968200000E-08;-1.4416900000E-09;9.6588000000E-09;2.9690700000E-09
0.075;0.2;'F150709B';2.77E-07;-3.3110600000E-08;-1.6801100000E-09;2.6768200000E-08;2.4028300000E-10
0.08;0.2;'F150709B';2.77E-07;-3.3963700000E-08;-1.4416900000E-09;5.8140800000E-08;5.3197400000E-09
0.085;0.2;'F150709B';2.77E-07;-3.7912500000E-08;-1.7676600000E-09;7.0326500000E-08;1.7359900000E-09
0.09;0.2;'F150709B';2.77E-07;-4.1881800000E-08;-4.6566300000E-10;1.0811600000E-07;-3.9860900000E-09
0.095;0.2;'F150709B';2.77E-07;-3.9110200000E-08;1.3038600000E-11;1.3541500000E-07;3.2559200000E-09
0.1;0.2;'F150709B';2.77E-07;-4.3012400000E-08;-2.4307700000E-09;1.4653100000E-07;3.2186700000E-09
0.105;0.2;'F150709B';2.77E-07;-4.5094900000E-08;-3.3322900000E-09;1.6680500000E-07;7.3016000000E-09
0.11;0.2;'F150709B';2.77E-07;-3.6245400000E-08;-1.3094500000E-09;1.7531300000E-07;1.2308400000E-08
0.115;0.2;'F150709B';2.77E-07;-4.3217300000E-08;-5.2899500000E-10;1.4708300000E-07;-3.4645300000E-09
0.12;0.2;'F150709B';2.77E-07;-2.6475800000E-08;-1.3299400000E-09;1.6927800000E-07;1.0699100000E-08
0.125;0.2;'F150709B';2.77E-07;-5.2221400000E-08;-2.0917700000E-09;8.5913100000E-08;8.5086200000E-09
0.13;0.2;'F150709B';2.77E-07;-5.4611100000E-08;-2.5183100000E-09;5.3018600000E-08;7.4878600000E-09
0.135;0.2;'F150709B';2.77E-07;-4.5698400000E-08;-1.5162000000E-09;1.4372200000E-08;1.1228100000E-08
0.14;0.2;'F150709B';2.77E-07;-1.2982700000E-08;3.8370700000E-10;3.1806800000E-08;-2.7567300000E-09
0.145;0.2;'F150709B';2.77E-07;-4.6795500000E-08;4.9546700000E-10;-4.7385900000E-08;-3.7327600000E-09
0.15;0.2;'F150709B';2.77E-07;-5.8442600000E-08;-1.8440300000E-09;-1.7844300000E-08;1.8999100000E-09
0.155;0.2;'F150709B';2.77E-07;-4.3977300000E-08;3.1292600000E-10;-2.4482700000E-08;9.0152400000E-10
0.16;0.2;'F150709B';2.77E-07;-5.2031400000E-08;-1.1958300000E-09;-6.0096600000E-08;-3.0398500000E-09
0.165;0.2;'F150709B';2.77E-07;-2.7863400000E-08;-5.7481500000E-09;-8.9347800000E-08;1.9073600000E-09
0.17;0.2;'F150709B';2.77E-07;1.4983200000E-08;-1.9250600000E-09;-1.1046300000E-07;1.2450000000E-08
0.175;0.2;'F150709B';2.77E-07;-3.3691800000E-08;1.6465900000E-09;-6.7815700000E-08;-5.5358100000E-09
0.18;0.2;'F150709B';2.77E-07;1.3172700000E-08;-7.0222100000E-10;-1.0065000000E-07;-2.0936300000E-09
0.185;0.2;'F150709B';2.77E-07;-5.4519900000E-08;-1.4249300000E-09;-9.3035900000E-08;-3.8743200000E-10
0.19;0.2;'F150709B';2.77E-07;-2.6300700000E-09;8.2515500000E-10;-1.6568700000E-07;-2.0861700000E-10
0.195;0.2;'F150709B';2.77E-07;2.1116900000E-08;7.2643600000E-11;-1.1591700000E-07;-2.8312400000E-09
0.2;0.2;'F150709B';2.77E-07;2.9815500000E-08;1.1045600000E-09;-5.0403400000E-08;5.1185800000E-09
0.205;0.2;'F150709B';2.77E-07;7.7095500000E-09;2.8498700000E-10;-4.7691400000E-08;-1.4901300000E-10
0.21;0.2;'F150709B';2.77E-07;-4.1688100000E-08;8.7544800000E-11;-6.0901300000E-08;2.1532300000E-09
0.215;0.2;'F150709B';2.77E-07;-3.4947200000E-08;1.0896500000E-09;-4.3623400000E-08;2.0116700000E-10
0.22;0.2;'F150709B';2.77E-07;-7.6443500000E-09;1.1287700000E-09;-2.3558900000E-08;2.4959600000E-09
0.225;0.2;'F150709B';2.77E-07;4.6674400000E-08;2.4140000000E-09;-2.3439600000E-08;5.2899500000E-10
0.23;0.2;'F150709B';2.77E-07;8.4415500000E-08;-7.6368800000E-10;-4.0062000000E-08;-3.7849100000E-09
0.235;0.2;'F150709B';2.77E-07;2.2765400000E-08;-2.7064400000E-09;-1.0161100000E-07;-1.8999100000E-09
0.24;0.2;'F150709B';2.77E-07;-1.9710600000E-08;5.5171800000E-09;-1.2791200000E-07;-4.4703700000E-10
0.245;0.2;'F150709B';2.77E-07;-1.0922200000E-07;2.2016600000E-09;-4.6886700000E-08;2.2128400000E-09
0.25;0.2;'F150709B';2.77E-07;1.0044900000E-07;3.2112100000E-09;-2.4363500000E-08;1.8999100000E-09
0.255;0.2;'F150709B';2.77E-07;2.3741400000E-08;8.6650800000E-09;-8.9742700000E-08;8.3521600000E-09
0.26;0.2;'F150709B';2.77E-07;-1.2215300000E-07;-8.2701800000E-10;-6.4373500000E-08;-1.5646300000E-09
0.265;0.2;'F150709B';2.77E-07;1.2117700000E-07;-2.5332200000E-10;-2.2895800000E-08;-4.0978400000E-10
0.27;0.2;'F150709B';2.77E-07;-5.0664300000E-10;2.1085300000E-09;-1.0685700000E-07;-3.9488300000E-10
0.275;0.2;'F150709B';2.77E-07;-2.8217000000E-07;6.1989100000E-09;-5.0366200000E-08;3.5911900000E-09
0.28;0.2;'F150709B';2.77E-07;9.7975600000E-08;-2.4661600000E-09;-4.2751700000E-08;2.3469500000E-09
0.285;0.2;'F150709B';2.77E-07;-2.1844500000E-07;4.0680500000E-09;-7.9423700000E-08;7.0929800000E-09
0.29;0.2;'F150709B';2.77E-07;1.3838800000E-07;4.1723400000E-10;-3.7119000000E-08;2.3320500000E-09
0.295;0.2;'F150709B';2.77E-07;-2.4536400000E-07;9.4473900000E-09;-8.9757600000E-08;4.0680500000E-09
0.3;0.2;'F150709B';2.77E-07;1.3995300000E-07;1.7285400000E-09;-2.0459400000E-08;-9.0897400000E-10
0.305;0.2;'F150709B';2.77E-07;-2.7740200000E-07;3.3378700000E-09;-1.0251300000E-07;7.2718000000E-09
0.31;0.2;'F150709B';2.77E-07;1.7404600000E-07;1.3113100000E-09;1.6868200000E-08;1.4510100000E-09
0.315;0.2;'F150709B';2.77E-07;-8.3923800000E-08;6.6534000000E-09;-1.7345100000E-08;1.8272600000E-09
0.32;0.2;'F150709B';2.77E-07;3.3080700000E-09;-3.2633700000E-09;2.6673200000E-08;3.2596400000E-09
0.325;0.2;'F150709B';2.77E-07;6.0029600000E-08;-2.0414700000E-09;-1.4439300000E-08;-2.5704700000E-10
0.33;0.2;'F150709B';2.77E-07;-1.9893200000E-09;8.2851000000E-09;6.8240300000E-08;3.1292600000E-10
0.335;0.2;'F150709B';2.77E-07;1.4741800000E-07;3.1143600000E-09;4.2416400000E-08;-2.9057400000E-10
0.34;0.2;'F150709B';2.77E-07;-1.1983600000E-07;1.0505400000E-09;-4.5679700000E-08;2.9541700000E-09
0.345;0.2;'F150709B';2.77E-07;-4.1716000000E-08;3.6508000000E-09;-5.9858200000E-08;2.7641800000E-09
0.35;0.2;'F150709B';2.77E-07;1.4195700000E-07;1.3932700000E-09;3.0517800000E-08;1.2479800000E-09
0.355;0.2;'F150709B';2.77E-07;-2.4765800000E-08;-4.1202000000E-09;-2.6617300000E-08;1.9930400000E-09
0.36;0.2;'F150709B';2.77E-07;-4.2565400000E-08;2.0265700000E-09;2.4501400000E-08;-3.2782700000E-10
0.365;0.2;'F150709B';2.77E-07;1.2137000000E-07;6.2585200000E-10;4.7881400000E-08;1.4826700000E-09
0.37;0.2;'F150709B';2.77E-07;2.9385200000E-08;-4.2468600000E-09;-2.3726500000E-08;1.2926800000E-09
0.375;0.2;'F150709B';2.77E-07;4.9986200000E-08;2.6598700000E-09;1.7089500000E-07;5.8263800000E-09
0.38;0.2;'F150709B';2.77E-07;7.3228500000E-08;2.6114400000E-09;7.5221500000E-08;2.8386900000E-09
0.385;0.2;'F150709B';2.77E-07;1.6581400000E-08;-7.8976500000E-10;-3.5804000000E-08;8.0094100000E-10
0.39;0.2;'F150709B';2.77E-07;-3.0130300000E-07;-4.7386000000E-09;-1.8364300000E-07;2.6822200000E-09
0.395;0.2;'F150709B';2.77E-07;-8.2582700000E-08;8.9407400000E-11;9.5755300000E-08;4.7982000000E-09
0.4;0.2;'F150709B';2.77E-07;7.5191700000E-08;2.2053900000E-09;8.4817900000E-08;-1.5199300000E-09
0.405;0.2;'F150709B';2.77E-07;3.3676900000E-08;3.1292600000E-10;-3.9406400000E-08;-1.1697500000E-09
0.41;0.2;'F150709B';2.77E-07;-2.1752100000E-07;-2.5406600000E-09;-1.4767100000E-07;2.0116700000E-09
0.415;0.2;'F150709B';2.77E-07;-9.8795200000E-08;1.5050200000E-09;1.0738600000E-07;8.5458700000E-09
0.42;0.2;'F150709B';2.77E-07;3.8549500000E-08;2.2202900000E-09;9.9584900000E-08;-3.8743200000E-10
0.425;0.2;'F150709B';2.77E-07;4.8511000000E-08;-2.6077200000E-10;-2.1789300000E-08;-6.3702800000E-10
0.43;0.2;'F150709B';2.77E-07;-7.7225800000E-09;-1.0021100000E-08;-6.7227100000E-08;-4.5076200000E-10
0.435;0.2;'F150709B';2.77E-07;-6.2503400000E-08;8.8662300000E-10;1.0725900000E-07;5.2899400000E-09
0.44;0.2;'F150709B';2.77E-07;-7.0095500000E-08;-3.8668800000E-09;8.6069600000E-08;2.7865300000E-09
0.445;0.2;'F150709B';2.77E-07;-1.5348300000E-08;1.8626600000E-11;8.4162200000E-08;-6.7055700000E-11
0.45;0.2;'F150709B';2.77E-07;6.1084100000E-08;-1.3299400000E-09;-3.2346900000E-08;6.8918200000E-10
0.455;0.2;'F150709B';2.77E-07;-2.2955400000E-08;-1.3673700000E-08;-5.9601200000E-08;3.1665100000E-10
0.46;0.2;'F150709B';2.77E-07;-1.0770200000E-07;1.2476100000E-08;6.9499500000E-08;9.9689400000E-09
0.465;0.2;'F150709B';2.77E-07;-1.1515700000E-07;9.9614800000E-09;7.1146100000E-08;9.7603300000E-10
0.47;0.2;'F150709B';2.77E-07;-1.9014000000E-08;9.6113200000E-10;9.0912500000E-08;1.1399500000E-09
0.475;0.2;'F150709B';2.77E-07;6.7048200000E-08;-2.2277400000E-09;-2.3786100000E-08;-2.4959600000E-10
0.48;0.2;'F150709B';2.77E-07;7.9013900000E-08;-1.7434400000E-09;-2.1387000000E-08;-2.3096900000E-10
0.485;0.2;'F150709B';2.77E-07;-2.3514100000E-08;-4.1947100000E-09;-3.6075900000E-08;2.2463600000E-09
0.49;0.2;'F150709B';2.77E-07;-1.3830600000E-07;7.9721600000E-10;4.9688200000E-08;3.6955000000E-09
0.495;0.2;'F150709B';2.77E-07;-1.0509100000E-07;1.4826700000E-09;9.2018900000E-08;-1.6577600000E-09
0.5;0.2;'F150709B';2.77E-07;-5.8636400000E-09;-5.6587500000E-09;6.9160500000E-08;5.7369800000E-10
0.505;0.2;'F150709B';2.77E-07;6.1493800000E-08;-9.5368200000E-10;-2.7172400000E-08;1.2181800000E-09
0.51;0.2;'F150709B';2.77E-07;7.7456700000E-08;-2.5294900000E-09;-2.6274600000E-08;6.2585200000E-10
0.515;0.2;'F150709B';2.77E-07;2.2333200000E-08;-1.0952400000E-09;-2.6833400000E-08;1.2405300000E-09
0.52;0.2;'F150709B';2.77E-07;-7.7240600000E-08;7.8231600000E-11;1.8216800000E-08;7.9051200000E-09
0.525;0.2;'F150709B';2.77E-07;-1.7491100000E-07;-7.3016000000E-09;3.0037100000E-08;-6.9663300000E-10
0.53;0.2;'F150709B';2.77E-07;-2.9198900000E-08;-1.4156200000E-10;1.0291500000E-07;-7.7486400000E-10
0.535;0.2;'F150709B';2.77E-07;4.5851100000E-08;1.0430900000E-10;-2.3562600000E-08;-3.7253100000E-10
0.54;0.2;'F150709B';2.77E-07;7.2792600000E-08;-2.2947900000E-09;-5.2206500000E-08;2.6449700000E-10
0.545;0.2;'F150709B';2.77E-07;9.1851200000E-08;-3.6210000000E-09;-1.6015100000E-08;-1.3299400000E-09
0.55;0.2;'F150709B';2.77E-07;5.9500600000E-08;-1.7210900000E-09;-2.2733700000E-08;1.2312200000E-09
0.555;0.2;'F150709B';2.77E-07;-1.2678700000E-07;-5.1856300000E-09;-9.9763900000E-09;-1.0117900000E-08
0.56;0.2;'F150709B';2.77E-07;-1.9887200000E-07;-1.0550100000E-08;2.4832900000E-08;-1.4901200000E-09
0.565;0.2;'F150709B';2.77E-07;-9.7573300000E-08;8.3446900000E-10;1.1919500000E-07;-2.0936300000E-09
0.57;0.2;'F150709B';2.77E-07;-6.9067200000E-09;8.2106000000E-09;6.9328100000E-08;4.7684100000E-10
0.575;0.2;'F150709B';2.77E-07;4.9718000000E-08;-4.8429100000E-10;-3.5785400000E-08;-1.4156200000E-10
0.58;0.2;'F150709B';2.77E-07;7.9677000000E-08;-2.2202900000E-09;-5.1126100000E-08;2.9057400000E-10
0.585;0.2;'F150709B';2.77E-07;1.1143100000E-07;-1.4826700000E-09;8.7973300000E-09;2.8982900000E-09
0.59;0.2;'F150709B';2.77E-07;1.0223700000E-07;-1.0430900000E-10;-2.2687200000E-09;3.7253100000E-11
0.595;0.2;'F150709B';2.77E-07;-7.0333800000E-09;-2.9049900000E-08;-1.0636500000E-07;-6.4075400000E-10
0.6;0.2;'F150709B';2.77E-07;-2.0720900000E-07;1.6033800000E-08;3.9905500000E-08;5.0664300000E-10
0.605;0.2;'F150709B';2.77E-07;-1.7827800000E-07;6.3479200000E-09;7.5176800000E-08;-2.6598700000E-09
0.61;0.2;'F150709B';2.77E-07;-7.9930300000E-08;4.4703700000E-10;1.1674400000E-07;-4.8429100000E-10
0.615;0.2;'F150709B';2.77E-07;1.3500500000E-08;-8.1733500000E-09;4.3429700000E-08;-1.4975700000E-09
0.62;0.2;'F150709B';2.77E-07;6.2108500000E-08;-4.4703700000E-11;-2.5972800000E-08;5.4389600000E-10
0.625;0.2;'F150709B';2.77E-07;8.0787100000E-08;-3.1888600000E-09;-3.4712500000E-08;-3.3527800000E-10
0.63;0.2;'F150709B';2.77E-07;9.5263600000E-08;-4.4703700000E-10;-2.6151700000E-08;8.2701800000E-10
0.635;0.2;'F150709B';2.77E-07;1.2353900000E-07;-8.3446900000E-10;2.3767500000E-08;5.5134700000E-10
0.64;0.2;'F150709B';2.77E-07;1.0921900000E-07;1.2219000000E-09;-1.1243000000E-08;1.0188700000E-09
0.645;0.2;'F150709B';2.77E-07;-1.5285700000E-07;-1.0028500000E-08;-5.1580600000E-08;5.1614100000E-08
0.65;0.2;'F150709B';2.77E-07;-2.0709700000E-07;-1.4633000000E-08;5.0038300000E-08;1.0766200000E-09
0.655;0.2;'F150709B';2.77E-07;-1.8596700000E-07;-9.2387600000E-10;7.9986200000E-08;-1.1511200000E-09
0.66;0.2;'F150709B';2.77E-07;-5.1856300000E-08;2.9802500000E-10;1.1015700000E-07;-1.4901200000E-09
0.665;0.2;'F150709B';2.77E-07;-1.6987400000E-09;9.7007100000E-09;6.1154800000E-08;-2.9802500000E-11
0.67;0.2;'F150709B';2.77E-07;5.1491200000E-08;-2.6077200000E-10;-1.0728900000E-08;4.2096000000E-10
0.675;0.2;'F150709B';2.77E-07;8.2843500000E-08;-8.3446900000E-10;-1.6655900000E-08;2.8200600000E-09
0.68;0.2;'F150709B';2.77E-07;8.8841200000E-08;-2.1085300000E-09;-1.5106100000E-08;1.0132900000E-09
0.685;0.2;'F150709B';2.77E-07;1.0906200000E-07;-1.3262100000E-09;-1.0375000000E-08;4.3586100000E-10
0.69;0.2;'F150709B';2.77E-07;1.3777000000E-07;-7.5251200000E-10;2.4594500000E-08;-4.9919300000E-10
0.695;0.2;'F150709B';2.77E-07;1.2638500000E-07;-2.0787300000E-09;2.7388500000E-08;-3.0175000000E-10
0.7;0.2;'F150709B';2.77E-07;9.8832400000E-08;3.6284500000E-09;-5.9292000000E-08;1.8067700000E-09
0.705;0.2;'F150709B';2.77E-07;-2.3007500000E-07;3.2872200000E-08;4.6152900000E-08;-2.8897200000E-08
0.71;0.2;'F150709B';2.77E-07;-2.3457500000E-07;-1.7285400000E-09;3.8866200000E-08;-7.4506200000E-10
0.715;0.2;'F150709B';2.77E-07;-1.7106600000E-07;-1.7881500000E-10;7.8566800000E-08;-7.4506400000E-12
0.72;0.2;'F150709B';2.77E-07;-4.9650900000E-08;8.0466600000E-10;1.0034500000E-07;-2.1234300000E-09
0.725;0.2;'F150709B';2.77E-07;-9.6038600000E-09;7.8380700000E-09;7.3493000000E-08;-5.7369800000E-10
0.73;0.2;'F150709B';2.77E-07;2.4825500000E-08;2.2351900000E-11;-4.2319600000E-09;1.9408900000E-09
0.735;0.2;'F150709B';2.77E-07;6.5949300000E-08;2.9802500000E-11;-5.5879600000E-09;1.1455300000E-09
0.74;0.2;'F150709B';2.77E-07;7.4860200000E-08;-1.5273800000E-10;-1.6242400000E-08;1.6894300000E-09
0.745;0.2;'F150709B';2.77E-07;9.2130600000E-08;-5.8487400000E-10;-2.5315300000E-08;1.3616000000E-09
0.75;0.2;'F150709B';2.77E-07;1.3406700000E-07;4.1351000000E-09;2.2137700000E-09;2.6542800000E-09
0.755;0.2;'F150709B';2.77E-07;1.5268600000E-07;-2.5108600000E-09;1.3447400000E-08;-3.4552200000E-10
0.76;0.2;'F150709B';2.77E-07;1.5036900000E-07;6.8545700000E-10;3.3306200000E-08;-3.4831600000E-10
0.765;0.2;'F150709B';2.77E-07;1.4022800000E-07;1.6093300000E-09;-1.0430900000E-10;3.8668800000E-09
0.77;0.2;'F150709B';2.77E-07;-1.3420100000E-07;-2.3096900000E-08;-3.0520700000E-07;-3.7879000000E-08
0.775;0.2;'F150709B';2.77E-07;-2.4995400000E-07;-2.0146500000E-08;1.3658500000E-07;1.0728900000E-08
0.78;0.2;'F150709B';2.77E-07;-2.3743600000E-07;-1.5199300000E-09;7.9572700000E-08;1.1325000000E-09
0.785;0.2;'F150709B';2.77E-07;-1.6486700000E-07;3.5763000000E-10;5.4531000000E-08;-2.7567300000E-10
0.79;0.2;'F150709B';2.77E-07;-1.0511300000E-07;8.9407400000E-11;9.6552500000E-08;-1.4379700000E-09
0.795;0.2;'F150709B';2.77E-07;-1.8157200000E-08;-9.3207300000E-09;9.8601400000E-08;-5.5879700000E-10
0.8;0.2;'F150709B';2.77E-07;2.5216600000E-08;-6.4075300000E-09;4.3951200000E-08;-5.8860000000E-10
0.805;0.2;'F150709B';2.77E-07;2.7433200000E-08;1.3895400000E-09;-2.0180000000E-08;-5.1781900000E-10
0.81;0.2;'F150709B';2.77E-07;7.4092800000E-08;1.7881500000E-09;1.1190800000E-08;2.1252900000E-09
0.815;0.2;'F150709B';2.77E-07;6.9890600000E-08;-6.1095100000E-10;5.5637500000E-09;2.6412500000E-09
0.82;0.2;'F150709B';2.77E-07;7.4476500000E-08;-5.1036800000E-10;-1.1297000000E-08;1.5460000000E-10
0.825;0.2;'F150709B';2.77E-07;1.1423300000E-07;-1.4454200000E-08;-2.4635500000E-08;-6.7055700000E-11
0.83;0.2;'F150709B';2.77E-07;1.3350800000E-07;-1.8254000000E-09;-9.8646300000E-09;1.6577600000E-10
0.835;0.2;'F150709B';2.77E-07;1.4801400000E-07;-1.4156200000E-09;-4.9230000000E-09;-3.2223900000E-10
0.84;0.2;'F150709B';2.77E-07;1.7380800000E-07;7.3761100000E-10;6.6597500000E-08;4.8876100000E-09
0.845;0.2;'F150709B';2.77E-07;1.7555200000E-07;2.3916500000E-09;5.2791300000E-08;2.6859500000E-09
0.85;0.2;'F150709B';2.77E-07;1.7303300000E-07;1.2138500000E-07;-3.0523400000E-08;6.1653900000E-10
0.855;0.2;'F150709B';2.77E-07;-4.0281000000E-07;-1.3414100000E-07;-1.0559600000E-06;1.7357000000E-07
0.86;0.2;'F150709B';2.77E-07;-2.8169300000E-07;-1.6123200000E-08;1.3432000000E-07;4.5895800000E-08
0.865;0.2;'F150709B';2.77E-07;-2.4733100000E-07;-6.2883200000E-09;9.9331600000E-08;6.5267400000E-09
0.87;0.2;'F150709B';2.77E-07;-2.0054100000E-07;9.8348400000E-10;1.7412100000E-08;-3.3527800000E-10
0.875;0.2;'F150709B';2.77E-07;-1.5425800000E-07;1.2219000000E-09;5.7388300000E-08;-1.7881500000E-10
0.88;0.2;'F150709B';2.77E-07;-6.4224500000E-08;4.7684100000E-10;1.0371300000E-07;-1.3411100000E-10
0.885;0.2;'F150709B';2.77E-07;1.1995500000E-09;-8.3000000000E-09;9.0189700000E-08;-1.2889600000E-09
0.89;0.2;'F150709B';2.77E-07;2.4743500000E-08;2.0787300000E-09;4.7780800000E-08;-1.2964100000E-09
0.895;0.2;'F150709B';2.77E-07;-4.5430200000E-09;-1.1809200000E-08;-2.1554600000E-08;-2.4102800000E-09
0.9;0.2;'F150709B';2.77E-07;4.9945200000E-08;1.4376000000E-08;-3.3654500000E-08;4.8429100000E-10
0.905;0.2;'F150709B';2.77E-07;8.1763100000E-08;1.2517000000E-09;3.3762500000E-08;6.1821500000E-09
0.91;0.2;'F150709B';2.77E-07;4.9229900000E-08;-3.6508000000E-10;4.7780800000E-08;5.1781800000E-09
0.915;0.2;'F150709B';2.77E-07;5.5145700000E-08;5.2899500000E-10;-3.9696900000E-08;2.9802500000E-10
0.92;0.2;'F150709B';2.77E-07;8.5227700000E-08;1.5646300000E-10;-7.8853700000E-08;-1.4528700000E-09
0.925;0.2;'F150709B';2.77E-07;9.8676000000E-08;-1.4528700000E-08;-3.7715100000E-08;-4.0978400000E-11
0.93;0.2;'F150709B';2.77E-07;1.3240500000E-07;-9.4622700000E-10;-9.9316800000E-09;1.3448400000E-09
0.935;0.2;'F150709B';2.77E-07;1.6280400000E-07;-7.5996300000E-10;2.5652500000E-08;1.3560100000E-09
0.94;0.2;'F150709B';2.77E-07;1.7890400000E-07;4.0352600000E-08;6.4813100000E-08;1.7210900000E-09
0.945;0.2;'F150709B';2.77E-07;1.9103400000E-07;2.6226200000E-09;6.3017500000E-08;1.4752200000E-09
0.95;0.2;'F150709B';2.77E-07;1.6001000000E-07;4.1127500000E-09;-2.5548200000E-08;-5.2117100000E-09
0.955;0.2;'F150709B';2.77E-07;2.0185200000E-07;2.0831900000E-08;-4.4845300000E-08;-9.5442500000E-09
0.96;0.2;'F150709B';2.77E-07;-5.9587100000E-07;-3.7640500000E-07;-1.2953400000E-06;8.2612400000E-07
0.965;0.2;'F150709B';2.77E-07;-4.2838000000E-07;-2.4408200000E-07;5.4312100000E-07;2.1076300000E-07
0.97;0.2;'F150709B';2.77E-07;-2.8664100000E-07;-1.5556900000E-08;1.4451200000E-07;-3.0338900000E-08
0.975;0.2;'F150709B';2.77E-07;-2.4420200000E-07;-6.2585200000E-09;9.2566500000E-08;5.0664200000E-09
0.98;0.2;'F150709B';2.77E-07;-1.9174900000E-07;-1.4901200000E-09;6.4373500000E-08;1.0132900000E-09
0.985;0.2;'F150709B';2.77E-07;-1.5378100000E-07;5.9605100000E-11;6.2704600000E-08;7.1525900000E-10
0.99;0.2;'F150709B';2.77E-07;-1.0895800000E-07;-1.1921000000E-10;5.1260200000E-08;-1.0728900000E-09
0.995;0.2;'F150709B';2.77E-07;-4.8309800000E-08;-9.8348200000E-09;6.1035600000E-08;-1.9371700000E-09
1;0.2;'F150709B';2.77E-07;-2.8200600000E-09;-4.3399900000E-09;4.1954500000E-08;-1.7657900000E-09
1.005;0.2;'F150709B';2.77E-07;1.3455800000E-08;9.8720900000E-10;8.4639200000E-09;-3.8184400000E-10
1.01;0.2;'F150709B';2.77E-07;2.4706200000E-08;-7.7933700000E-09;-2.7883900000E-08;-1.0039700000E-09
1.015;0.2;'F150709B';2.77E-07;3.0098600000E-08;3.2410200000E-10;-4.2081100000E-08;-8.8476000000E-10
1.02;0.2;'F150709B';2.77E-07;9.3736200000E-08;-1.1950800000E-08;-7.7650400000E-08;-8.3819400000E-10
1.025;0.2;'F150709B';2.77E-07;1.0334000000E-07;2.6971200000E-09;-5.2355500000E-08;1.7769700000E-09
1.03;0.2;'F150709B';2.77E-07;1.4018300000E-08;1.6108300000E-08;1.1263800000E-07;1.2502100000E-08
1.035;0.2;'F150709B';2.77E-07;1.1619200000E-08;1.9073600000E-09;-1.0562700000E-07;9.4622700000E-10
1.04;0.2;'F150709B';2.77E-07;4.4700000000E-08;4.8801700000E-10;-2.5108600000E-07;-7.3016000000E-09
1.045;0.2;'F150709B';2.77E-07;6.8214300000E-08;5.8860000000E-10;-1.7714600000E-07;-3.6061000000E-09
1.05;0.2;'F150709B';2.77E-07;1.0583600000E-07;-1.7739900000E-08;-9.1642600000E-08;-6.2585200000E-10
1.055;0.2;'F150709B';2.77E-07;1.4707500000E-07;-6.2585200000E-10;-5.5522000000E-08;-5.9605100000E-11
1.06;0.2;'F150709B';2.77E-07;1.8131800000E-07;5.9605100000E-11;4.7013500000E-09;1.0162700000E-08
1.065;0.2;'F150709B';2.77E-07;1.7267600000E-07;-1.3113100000E-09;3.8164000000E-08;3.5278600000E-09
1.07;0.2;'F150709B';2.77E-07;2.0459400000E-07;-3.2782700000E-10;1.5909300000E-07;2.6956300000E-08
1.075;0.2;'F150709B';2.77E-07;2.2372700000E-07;7.7486400000E-10;2.4935800000E-07;2.2202800000E-08
1.08;0.2;'F150709B';2.77E-07;2.3573700000E-07;5.6624800000E-10;2.6485500000E-07;2.7120200000E-08
1.085;0.2;'F150709B';2.77E-07;1.9455000000E-07;7.2718000000E-09;6.9022600000E-08;-1.6629800000E-08
1.09;0.2;'F150709B';2.77E-07;3.6305400000E-07;1.1822600000E-07;5.3078200000E-08;2.7209600000E-08
1.095;0.2;'F150709B';2.77E-07;1.7380800000E-07;7.1031200000E-07;-1.4352900000E-06;-5.1069600000E-07
1.1;0.2;'F150709B';2.77E-07;-4.6432200000E-07;-1.5149200000E-06;2.3222100000E-06;-8.6164800000E-07
1.105;0.2;'F150709B';2.77E-07;-4.8721000000E-07;-9.8467300000E-08;-7.4029400000E-08;-2.4199600000E-07
1.11;0.2;'F150709B';2.77E-07;-3.0303200000E-07;-2.2888300000E-08;-2.6285800000E-08;1.5705900000E-08
1.115;0.2;'F150709B';2.77E-07;-2.5892400000E-07;-1.0013600000E-08;8.0556100000E-08;1.0252100000E-08
1.12;0.2;'F150709B';2.77E-07;-1.5348300000E-07;-8.5235200000E-09;3.9644800000E-08;-1.2725600000E-08
1.125;0.2;'F150709B';2.77E-07;-1.6540400000E-07;-1.1325000000E-09;-5.2079800000E-09;1.0665600000E-08
1.13;0.2;'F150709B';2.77E-07;-1.2946200000E-07;-3.5763000000E-10;2.2817500000E-09;6.8880900000E-09
1.135;0.2;'F150709B';2.77E-07;-1.0067300000E-07;5.9605000000E-10;8.5682100000E-11;-4.1816700000E-09
1.14;0.2;'F150709B';2.77E-07;-8.0973400000E-08;6.4075300000E-09;1.5135900000E-08;-2.6114400000E-09
1.145;0.2;'F150709B';2.77E-07;-3.4950900000E-08;1.2725600000E-08;-6.3926300000E-09;-3.1478800000E-09
1.15;0.2;'F150709B';2.77E-07;-2.2746700000E-08;6.2585200000E-10;-3.7836100000E-08;-3.0789700000E-09
1.155;0.2;'F150709B';2.77E-07;4.2841100000E-09;1.6279600000E-09;-4.9915400000E-08;-3.3267000000E-09
1.16;0.2;'F150709B';2.77E-07;-5.2564100000E-09;-1.4562200000E-08;-3.8467600000E-08;-1.8254000000E-09
1.165;0.2;'F150709B';2.77E-07;-4.6976200000E-09;-2.7734900000E-09;-1.8868700000E-08;-3.5390400000E-10
1.17;0.2;'F150709B';2.77E-07;1.3494900000E-08;-3.0528900000E-09;1.6052400000E-08;1.4826700000E-09
1.175;0.2;'F150709B';2.77E-07;8.4035600000E-08;-2.5589100000E-08;4.1749600000E-08;4.3474400000E-09
1.18;0.2;'F150709B';2.77E-07;1.5510000000E-07;-1.9557900000E-08;-9.8046400000E-08;-1.4901300000E-10
1.185;0.2;'F150709B';2.77E-07;3.4794400000E-08;-1.6391400000E-09;1.5300600000E-07;8.3447100000E-09
1.19;0.2;'F150709B';2.77E-07;-4.1291400000E-08;1.2740600000E-09;-8.9325500000E-08;2.3246000000E-09
1.195;0.2;'F150709B';2.77E-07;-4.3958700000E-08;3.6061000000E-09;-4.5085100000E-07;-1.6451000000E-08
1.2;0.2;'F150709B';2.77E-07;-2.0779800000E-08;2.0265700000E-09;-5.0580900000E-07;-1.4901200000E-08
1.205;0.2;'F150709B';2.77E-07;8.3223600000E-09;-1.3779900000E-08;-3.9434600000E-07;-1.0013600000E-08
1.21;0.2;'F150709B';2.77E-07;2.8006800000E-08;-1.1921000000E-09;-2.7925000000E-07;-6.7353500000E-09
1.215;0.2;'F150709B';2.77E-07;2.7261800000E-08;-2.6747700000E-09;-2.2947900000E-07;-4.4107700000E-09
1.22;0.2;'F150709B';2.77E-07;3.5815200000E-08;-4.5299800000E-09;-1.9532500000E-07;-5.4240500000E-09
1.225;0.2;'F150709B';2.77E-07;8.0559900000E-08;-3.5204100000E-09;-1.3601900000E-07;-1.8477500000E-09
1.23;0.2;'F150709B';2.77E-07;1.4474300000E-07;8.4043100000E-09;-8.0585900000E-08;-1.1205700000E-08
1.235;0.2;'F150709B';2.77E-07;1.6912200000E-07;-1.8477500000E-09;-6.6429800000E-08;-2.9504400000E-09
1.24;0.2;'F150709B';2.77E-07;1.9276200000E-07;1.9610000000E-08;-6.2577900000E-08;2.2828700000E-08
1.245;0.2;'F150709B';2.77E-07;2.3844900000E-07;8.6427100000E-10;4.6011300000E-08;4.5124700000E-08
1.25;0.2;'F150709B';2.77E-07;2.7907100000E-07;3.6657000000E-09;1.7316700000E-07;5.3689100000E-08
1.255;0.2;'F150709B';2.77E-07;3.3328100000E-07;2.1398200000E-08;4.0662500000E-07;1.3381300000E-07
1.26;0.2;'F150709B';2.77E-07;3.7488500000E-07;3.4779500000E-08;3.8886300000E-07;1.6558300000E-07
1.265;0.2;'F150709B';2.77E-07;8.2725700000E-07;-2.3734700000E-07;3.4809300000E-07;-5.8532000000E-08
1.27;0.2;'F150709B';2.77E-07;4.6515700000E-07;1.7695500000E-06;1.2225000000E-07;2.3180300000E-07
1.275;0.2;'F150709B';2.77E-07;-6.2609100000E-07;4.5481000000E-06;-3.0851600000E-07;5.3143900000E-07
1.28;0.2;'F150709B';2.77E-07;5.6782100000E-06;-1.2045900000E-05;6.9208400000E-06;-1.0866200000E-05
1.285;0.2;'F150709B';2.77E-07;1.2941400000E-06;-5.7325700000E-06;6.1855600000E-06;-2.0790200000E-07
1.29;0.2;'F150709B';2.77E-07;-1.0533400000E-06;-1.1096100000E-06;1.8615800000E-06;-7.3624000000E-07
1.295;0.2;'F150709B';2.77E-07;-4.1342000000E-07;-9.5487100000E-08;2.6476600000E-07;-1.8906700000E-07
1.3;0.2;'F150709B';2.77E-07;-2.3818100000E-07;-1.8954400000E-08;-5.3763600000E-08;-3.9667100000E-08
1.305;0.2;'F150709B';2.77E-07;-1.5241000000E-07;-1.8537200000E-08;-2.4378400000E-08;3.4705000000E-08
1.31;0.2;'F150709B';2.77E-07;-1.8423900000E-07;-4.2915600000E-09;-3.3051000000E-08;3.2261200000E-09
1.315;0.2;'F150709B';2.77E-07;-1.7887400000E-07;-8.3446900000E-10;-9.7670100000E-08;-1.2070000000E-09
1.32;0.2;'F150709B';2.77E-07;-1.5968200000E-07;-1.7881500000E-10;-1.1824900000E-07;-4.2468600000E-09
1.325;0.2;'F150709B';2.77E-07;-1.3017700000E-07;-4.1723400000E-10;-6.3077100000E-08;-2.5555600000E-09
1.33;0.2;'F150709B';2.77E-07;-1.0299700000E-07;1.2785300000E-08;1.2654900000E-08;1.2852300000E-09
1.335;0.2;'F150709B';2.77E-07;-6.9350500000E-08;-1.1921000000E-10;4.6257200000E-08;3.6806000000E-09
1.34;0.2;'F150709B';2.77E-07;-4.3861800000E-08;1.1138700000E-08;5.2750300000E-08;-5.3272000000E-10
1.345;0.2;'F150709B';2.77E-07;-2.0392400000E-08;4.0233300000E-10;2.8614100000E-08;-1.2591600000E-09
1.35;0.2;'F150709B';2.77E-07;-2.2687200000E-09;1.2572900000E-08;1.8857500000E-08;-1.5087500000E-09
1.355;0.2;'F150709B';2.77E-07;1.9319500000E-08;5.5507200000E-10;1.6033800000E-08;-1.9669700000E-09
1.36;0.2;'F150709B';2.77E-07;4.4845300000E-08;3.4645400000E-10;2.4046900000E-08;3.7625600000E-10
1.365;0.2;'F150709B';2.77E-07;6.6452200000E-08;1.8254000000E-10;3.2581600000E-08;-3.7253100000E-10
1.37;0.2;'F150709B';2.77E-07;7.5310900000E-08;1.3038600000E-10;3.8724600000E-08;-1.4528700000E-10
1.375;0.2;'F150709B';2.77E-07;6.7160000000E-08;-2.2351800000E-10;4.8768000000E-08;2.3544000000E-09
1.38;0.2;'F150709B';2.77E-07;5.5276100000E-08;-4.1053000000E-09;5.3115400000E-08;1.6875600000E-09
1.385;0.2;'F150709B';2.77E-07;4.9226200000E-08;-5.4538500000E-09;6.9488300000E-08;4.6901700000E-09
1.39;0.2;'F150709B';2.77E-07;5.7135000000E-08;-8.1733500000E-09;6.5941800000E-08;6.2845900000E-09
1.395;0.2;'F150709B';2.77E-07;5.0414600000E-08;-7.5325700000E-09;-9.2387800000E-09;1.3053500000E-08
1.4;0.2;'F150709B';2.77E-07;7.2382700000E-09;-4.3697900000E-09;-6.0819300000E-08;-2.6039900000E-09
1.405;0.2;'F150709B';2.77E-07;-7.4390800000E-08;-4.8540800000E-09;6.8463900000E-08;-9.5964100000E-09
1.41;0.2;'F150709B';2.77E-07;-7.5966600000E-08;6.5565500000E-10;-1.3632400000E-07;-4.1872600000E-09
1.415;0.2;'F150709B';2.77E-07;-6.3609800000E-08;9.2760100000E-10;-2.5457300000E-07;-5.4836600000E-09
1.42;0.2;'F150709B';2.77E-07;-4.1138600000E-08;8.8289700000E-10;-2.3651200000E-07;-8.1360900000E-09
1.425;0.2;'F150709B';2.77E-07;-2.6151700000E-09;-1.4569700000E-08;-2.0557700000E-07;-7.3016000000E-09
1.43;0.2;'F150709B';2.77E-07;2.9020100000E-08;1.9651100000E-09;-1.5056200000E-07;-3.9935400000E-09
1.435;0.2;'F150709B';2.77E-07;4.5191700000E-08;3.2410200000E-10;-9.8556700000E-08;-2.5928200000E-09
1.44;0.2;'F150709B';2.77E-07;3.6765100000E-08;-1.4852800000E-08;-6.6936500000E-08;-3.2782700000E-10
1.445;0.2;'F150709B';2.77E-07;7.3310500000E-08;-1.0468100000E-09;-4.3303000000E-08;4.2468500000E-10
1.45;0.2;'F150709B';2.77E-07;1.1148400000E-07;2.0481800000E-08;-2.7552400000E-08;-8.1956800000E-11
1.455;0.2;'F150709B';2.77E-07;1.1444900000E-07;-2.2873400000E-09;-2.2512000000E-08;7.5996300000E-10
1.46;0.2;'F150709B';2.77E-07;1.0884600000E-07;-1.5571800000E-09;-4.1917200000E-08;-4.3213500000E-10
1.465;0.2;'F150709B';2.77E-07;1.1297400000E-07;-2.2351900000E-09;-5.9183900000E-08;-8.9407300000E-10
1.47;0.2;'F150709B';2.77E-07;1.1630400000E-07;-4.2021600000E-09;-6.8139800000E-08;1.2107300000E-09
1.475;0.2;'F150709B';2.77E-07;1.0087400000E-07;-7.8753200000E-09;-1.3902900000E-07;-1.9513200000E-08
1.48;0.2;'F150709B';2.77E-07;4.9643500000E-08;-2.3648300000E-08;-2.4652700000E-07;-2.8670000000E-08
1.485;0.2;'F150709B';2.77E-07;6.7391000000E-08;-2.5883400000E-08;-3.8287200000E-07;-1.0854100000E-07
1.49;0.2;'F150709B';2.77E-07;1.9207700000E-07;6.9812200000E-09;-3.6764300000E-07;-1.6483800000E-07
1.495;0.2;'F150709B';2.77E-07;1.8499900000E-07;5.9552700000E-08;-2.3433700000E-07;1.2850900000E-07
1.5;0.2;'F150709B';2.77E-07;4.9746400000E-07;5.3751800000E-07;-5.4002200000E-07;2.1281400000E-06
1.505;0.2;'F150709B';2.77E-07;7.1299400000E-07;1.5584300000E-06;-3.9167700000E-06;4.0641100000E-06
1.51;0.2;'F150709B';2.77E-07;5.2452400000E-09;3.3230900000E-06;-4.2982400000E-06;1.3003400000E-06
1.515;0.2;'F150709B';2.77E-07;-1.2471800000E-06;4.1537600000E-06;1.4543600000E-07;3.4630500000E-07
1.52;0.2;'F150709B';2.77E-07;-3.8895800000E-06;2.2571200000E-06;6.4802500000E-07;1.4941800000E-06
1.525;0.2;'F150709B';2.77E-07;-4.1118000000E-06;6.7210600000E-07;-1.0180500000E-06;1.7213900000E-07
1.53;0.2;'F150709B';2.77E-07;-4.2331500000E-06;-1.9703100000E-06;-3.1542900000E-06;-1.9230900000E-06
1.535;0.2;'F150709B';2.77E-07;-5.8451000000E-06;-7.3023100000E-06;-5.3811400000E-07;-2.8383900000E-06
1.54;0.2;'F150709B';2.77E-07;1.9355900000E-05;-4.7302400000E-07;1.4124000000E-05;-2.8419700000E-07
1.545;0.2;'F150709B';2.77E-07;5.7449600000E-06;-8.0757700000E-06;3.4723400000E-06;-2.3546400000E-06
1.55;0.2;'F150709B';2.77E-07;3.9501500000E-06;-9.1572400000E-06;6.1369200000E-06;-1.1682600000E-06
1.555;0.2;'F150709B';2.77E-07;-2.0218000000E-07;-3.1938700000E-06;3.0889700000E-06;-1.8701600000E-06
1.56;0.2;'F150709B';2.77E-07;-5.4204800000E-07;-4.2951300000E-07;-1.3995300000E-07;-6.3729700000E-07
1.565;0.2;'F150709B';2.77E-07;-2.5487100000E-07;-3.9696900000E-08;-3.0398500000E-08;-2.0969000000E-07
1.57;0.2;'F150709B';2.77E-07;-2.0551800000E-07;-1.0371300000E-08;-3.7819400000E-08;-7.6801100000E-08
1.575;0.2;'F150709B';2.77E-07;-2.1219300000E-07;-3.4570800000E-09;-1.2725700000E-07;-1.7106600000E-08
1.58;0.2;'F150709B';2.77E-07;-1.7559600000E-07;-5.1021800000E-08;-1.5884700000E-07;-8.6725300000E-09
1.585;0.2;'F150709B';2.77E-07;-1.7386800000E-07;-3.0398500000E-09;-1.5711900000E-07;-4.5001800000E-09
1.59;0.2;'F150709B';2.77E-07;-1.4835700000E-07;2.9802500000E-10;-1.5947300000E-07;-6.1095100000E-09
1.595;0.2;'F150709B';2.77E-07;-1.2296500000E-07;5.9605100000E-11;-1.3151900000E-07;-4.7684000000E-09
1.6;0.2;'F150709B';2.77E-07;-7.3135400000E-08;2.1785600000E-08;-8.5622500000E-08;-5.0068200000E-09
1.605;0.2;'F150709B';2.77E-07;-6.9529300000E-08;8.6427100000E-10;-5.2422500000E-08;-4.0531400000E-09
1.61;0.2;'F150709B';2.77E-07;-5.0664200000E-08;1.4901200000E-09;-2.7872700000E-08;-3.6284500000E-09
1.615;0.2;'F150709B';2.77E-07;-3.8355800000E-08;7.5325700000E-09;-1.3582500000E-08;-2.5481100000E-09
1.62;0.2;'F150709B';2.77E-07;-2.3096900000E-10;-8.5309700000E-09;-9.0487900000E-09;6.5379200000E-10
1.625;0.2;'F150709B';2.77E-07;-9.8236500000E-09;1.3411100000E-09;-6.4298800000E-09;-9.7603300000E-10
1.63;0.2;'F150709B';2.77E-07;7.1954300000E-09;-1.3409200000E-08;-6.1486200000E-09;-3.4272900000E-10
1.635;0.2;'F150709B';2.77E-07;1.9952800000E-08;1.5068900000E-09;-9.4715900000E-10;-1.8687100000E-09
1.64;0.2;'F150709B';2.77E-07;3.6867600000E-08;1.3783700000E-10;8.2455200000E-09;-2.5099300000E-10
1.645;0.2;'F150709B';2.77E-07;5.6185100000E-08;1.3522900000E-09;1.9440500000E-08;-4.3399800000E-10
1.65;0.2;'F150709B';2.77E-07;6.5424000000E-08;9.1642500000E-10;2.0466900000E-08;7.8231600000E-11
1.655;0.2;'F150709B';2.77E-07;7.4629200000E-08;1.0691700000E-09;2.4186600000E-08;1.5124800000E-09
1.66;0.2;'F150709B';2.77E-07;7.7728600000E-08;9.2387600000E-10;2.5982200000E-08;5.5879600000E-11
1.665;0.2;'F150709B';2.77E-07;8.1319800000E-08;-1.0579900000E-09;2.6872500000E-08;1.4379700000E-09
1.67;0.2;'F150709B';2.77E-07;8.5853500000E-08;9.0897400000E-10;2.8927000000E-08;3.8203100000E-09
1.675;0.2;'F150709B';2.77E-07;6.2771600000E-08;6.9365200000E-09;3.4362300000E-08;2.4754700000E-09
1.68;0.2;'F150709B';2.77E-07;1.0874200000E-07;-9.9093400000E-10;3.6083400000E-08;1.7210900000E-09
1.685;0.2;'F150709B';2.77E-07;1.2005200000E-07;-1.2070000000E-09;2.9053700000E-08;2.3152800000E-09
1.69;0.2;'F150709B';2.77E-07;1.2803200000E-07;-1.8254000000E-09;1.2239500000E-08;2.8070200000E-09
1.695;0.2;'F150709B';2.77E-07;1.3965500000E-07;-3.2559200000E-09;-3.2000400000E-09;5.1539700000E-09
1.7;0.2;'F150709B';2.77E-07;1.3533300000E-07;-9.1419200000E-09;-1.3142000000E-08;3.7504500000E-09
1.705;0.2;'F150709B';2.77E-07;4.1142300000E-08;-3.6210100000E-08;-1.2697700000E-08;1.4985000000E-08
1.71;0.2;'F150709B';2.77E-07;-1.1089500000E-07;-4.5337000000E-08;-4.4143400000E-07;-1.7100700000E-07
1.715;0.2;'F150709B';2.77E-07;-1.6859300000E-07;-3.2179300000E-08;-1.4186000000E-07;-3.0941000000E-07
1.72;0.2;'F150709B';2.77E-07;-1.6614900000E-07;-1.3627200000E-08;-5.1200600000E-08;-1.9371700000E-09
1.725;0.2;'F150709B';2.77E-07;-1.3362700000E-07;-1.0259500000E-08;7.0214700000E-08;4.1723500000E-09
1.73;0.2;'F150709B';2.77E-07;-9.9912800000E-08;-6.3702800000E-09;1.3670400000E-07;1.0043400000E-08
1.735;0.2;'F150709B';2.77E-07;-8.1785500000E-08;-3.4347300000E-09;1.6901000000E-07;8.6129300000E-09
1.74;0.2;'F150709B';2.77E-07;-6.2697100000E-08;-2.2202900000E-09;1.7362900000E-07;5.2750400000E-09
1.745;0.2;'F150709B';2.77E-07;-3.7439400000E-08;9.6858000000E-11;1.6933800000E-07;4.9770200000E-09
1.75;0.2;'F150709B';2.77E-07;-3.3360200000E-08;1.8902200000E-08;1.5482400000E-07;3.0100500000E-09
1.755;0.2;'F150709B';2.77E-07;-1.1647200000E-08;1.7235200000E-08;1.4114500000E-07;5.0068200000E-09
1.76;0.2;'F150709B';2.77E-07;2.9010800000E-08;1.7657900000E-09;1.2064000000E-07;3.6061000000E-09
1.765;0.2;'F150709B';2.77E-07;3.8709700000E-08;7.2271000000E-10;9.8556700000E-08;2.8610400000E-09
1.77;0.2;'F150709B';2.77E-07;4.4888100000E-08;1.3616000000E-09;8.0228300000E-08;2.2947900000E-09
1.775;0.2;'F150709B';2.77E-07;4.4632900000E-08;1.8276400000E-08;6.4820500000E-08;3.1292600000E-09
1.78;0.2;'F150709B';2.77E-07;5.2996200000E-08;3.1776900000E-09;5.1737100000E-08;2.0563700000E-09
1.785;0.2;'F150709B';2.77E-07;6.5062700000E-08;1.7807000000E-09;3.6031200000E-08;2.0042200000E-09
1.79;0.2;'F150709B';2.77E-07;7.0952300000E-08;2.0265700000E-09;2.6606100000E-08;1.7508900000E-09
1.795;0.2;'F150709B';2.77E-07;8.4478900000E-08;6.3702800000E-10;1.3537800000E-08;-3.9860800000E-10
1.8;0.2;'F150709B';2.77E-07;9.7327400000E-08;-7.8976700000E-09;9.4492600000E-09;1.4435600000E-09
1.805;0.2;'F150709B';2.77E-07;1.1508200000E-07;9.2387600000E-10;4.6883100000E-09;5.8021800000E-10
1.81;0.2;'F150709B';2.77E-07;1.2508900000E-07;1.4901200000E-09;-5.5386000000E-09;6.6589900000E-10
1.815;0.2;'F150709B';2.77E-07;1.3906600000E-07;-1.2517000000E-09;-1.8822100000E-08;-9.4809000000E-10
1.82;0.2;'F150709B';2.77E-07;1.7164000000E-07;-1.9371700000E-09;-2.4192200000E-08;-3.2019000000E-09
1.825;0.2;'F150709B';2.77E-07;1.7270500000E-07;-2.7716300000E-09;-4.5402200000E-08;-4.4871400000E-09
1.83;0.2;'F150709B';2.77E-07;1.3692000000E-07;-1.7531300000E-08;-1.1809200000E-07;-2.1666400000E-08
1.835;0.2;'F150709B';2.77E-07;1.9818700000E-08;-4.7572200000E-08;-2.9617700000E-07;-5.4776900000E-08
1.84;0.2;'F150709B';2.77E-07;-2.1329600000E-07;-2.2551500000E-07;-6.7574200000E-07;-1.7517900000E-07
1.845;0.2;'F150709B';2.77E-07;-2.1332600000E-07;-1.5548000000E-07;-1.0917300000E-06;-3.6394800000E-07
1.85;0.2;'F150709B';2.77E-07;1.5056200000E-07;-1.2144500000E-07;-1.5016900000E-06;-8.9526500000E-07
1.855;0.2;'F150709B';2.77E-07;-3.6728600000E-07;-1.0889800000E-06;-3.1547700000E-06;-4.6987800000E-06
1.86;0.2;'F150709B';2.77E-07;-1.4771300000E-06;-7.8368600000E-07;-2.4552500000E-06;-6.6948200000E-06
1.865;0.2;'F150709B';2.77E-07;-2.2294700000E-06;-1.1150900000E-06;-7.7581800000E-07;-6.6323600000E-06
1.87;0.2;'F150709B';2.77E-07;-3.9759000000E-06;-2.8476900000E-06;-1.8839900000E-06;-6.1941400000E-06
1.875;0.2;'F150709B';2.77E-07;-2.7275200000E-06;-1.2064100000E-06;-1.0032700000E-06;-5.6839300000E-06
1.88;0.2;'F150709B';2.77E-07;-2.9101500000E-06;3.6821500000E-06;7.8392400000E-07;-1.3303800000E-06
1.885;0.2;'F150709B';2.77E-07;-7.8659700000E-06;5.0273200000E-06;-2.2239800000E-06;2.3565400000E-06
1.89;0.2;'F150709B';2.77E-07;-1.2518900000E-05;-2.1791600000E-06;-6.1531400000E-06;2.9850200000E-07
1.895;0.2;'F150709B';2.77E-07;-6.7224800000E-06;-1.1034100000E-06;-4.2214700000E-06;-4.4870600000E-07
1.9;0.2;'F150709B';2.77E-07;-2.9773900000E-06;-7.2002800000E-07;-1.8720700000E-06;-4.7207100000E-07
1.905;0.2;'F150709B';2.77E-07;-9.3174400000E-07;1.2560000000E-06;-9.7561300000E-07;-5.7840700000E-07
1.91;0.2;'F150709B';2.77E-07;-1.6718000000E-06;-4.5061300000E-07;-9.2602100000E-07;-1.1754100000E-07
1.915;0.2;'F150709B';2.77E-07;-3.4527900000E-06;-1.4610400000E-06;-2.3060000000E-06;-9.2983600000E-07
1.92;0.2;'F150709B';2.77E-07;-2.8734400000E-06;-3.7055200000E-06;-1.6064700000E-06;-2.5048400000E-06
1.925;0.2;'F150709B';2.77E-07;1.1372600000E-07;-3.2341600000E-06;1.1029300000E-06;7.3433400000E-08
1.93;0.2;'F150709B';2.77E-07;5.1069600000E-07;-2.1844100000E-06;1.6145800000E-06;4.6229500000E-07
1.935;0.2;'F150709B';2.77E-07;1.0921500000E-05;4.2248100000E-06;8.6193700000E-06;3.3855600000E-07
1.94;0.2;'F150709B';2.77E-07;1.3098800000E-05;-4.0054600000E-06;7.2465200000E-06;2.4304500000E-06
1.945;0.2;'F150709B';2.77E-07;6.7730200000E-06;-4.0808000000E-06;7.0033400000E-06;1.8811300000E-06
1.95;0.2;'F150709B';2.77E-07;3.3884200000E-06;-3.0565400000E-06;6.7921000000E-06;-6.8235800000E-07
1.955;0.2;'F150709B';2.77E-07;5.5313300000E-08;-1.3613800000E-06;1.8110300000E-06;-1.3680500000E-06
1.96;0.2;'F150709B';2.77E-07;-5.2202100000E-07;-2.5463300000E-07;9.1791600000E-08;-8.1968700000E-07
1.965;0.2;'F150709B';2.77E-07;-2.0998800000E-07;9.2626100000E-08;1.0311700000E-07;1.1408400000E-07
1.97;0.2;'F150709B';2.77E-07;-1.8221200000E-07;-1.2636200000E-08;1.2362100000E-07;4.1425500000E-08
1.975;0.2;'F150709B';2.77E-07;-1.8209300000E-07;-4.3511700000E-09;-2.6881800000E-08;9.9659400000E-08
1.98;0.2;'F150709B';2.77E-07;-1.8328500000E-07;-5.2452400000E-09;-7.6205000000E-08;1.8000700000E-08
1.985;0.2;'F150709B';2.77E-07;-1.7273500000E-07;-2.6822200000E-09;-1.0380200000E-07;9.0897700000E-09
1.99;0.2;'F150709B';2.77E-07;-1.5467500000E-07;-1.5497300000E-09;-7.3522800000E-08;5.2154400000E-09
1.995;0.2;'F150709B';2.77E-07;-1.2767400000E-07;-1.0132900000E-09;-6.4857800000E-08;5.8114900000E-10
2;0.2;'F150709B';2.77E-07;-1.1903100000E-07;0.0000000000E+00;-2.8819000000E-08;-6.4075400000E-10
2.005;0.2;'F150709B';2.77E-07;-1.0490500000E-07;-2.3842000000E-10;-8.5570500000E-09;-8.9295800000E-09
2.01;0.2;'F150709B';2.77E-07;-7.8619000000E-08;7.7486400000E-10;-7.5046300000E-09;5.2433800000E-09
2.015;0.2;'F150709B';2.77E-07;-8.4311200000E-08;6.8545700000E-10;-5.6745800000E-09;3.2289100000E-09
2.02;0.2;'F150709B';2.77E-07;-7.6562600000E-08;2.9802500000E-10;5.4296500000E-10;2.1825700000E-09
2.025;0.2;'F150709B';2.77E-07;-7.2688300000E-08;9.2387600000E-10;-1.2787100000E-09;-1.8463500000E-09
2.03;0.2;'F150709B';2.77E-07;-6.9380300000E-08;-3.2782700000E-10;-3.4682600000E-09;-6.7009000000E-10
2.035;0.2;'F150709B';2.77E-07;-5.9038600000E-08;1.1921000000E-09;-3.7057500000E-09;-8.9966100000E-10
2.04;0.2;'F150709B';2.77E-07;-5.0187300000E-08;1.2815100000E-09;-7.7654300000E-09;-1.3592700000E-09
2.045;0.2;'F150709B';2.77E-07;-3.9600100000E-08;-5.7071700000E-09;-1.1704900000E-08;4.7497600000E-10
2.05;0.2;'F150709B';2.77E-07;-2.9996200000E-08;1.2889600000E-09;-1.1795300000E-08;6.0722600000E-10
2.055;0.2;'F150709B';2.77E-07;-1.7475500000E-08;-1.5944400000E-08;-1.1825100000E-08;-3.0547600000E-10
2.06;0.2;'F150709B';2.77E-07;-7.3667900000E-09;-1.6311300000E-08;-1.1541000000E-08;7.4506300000E-11
2.065;0.2;'F150709B';2.77E-07;2.1843400000E-08;9.6504200000E-09;-1.3217400000E-08;6.9663300000E-10
2.07;0.2;'F150709B';2.77E-07;1.5121000000E-08;2.2631200000E-10;-1.3445600000E-08;1.8067700000E-10
2.075;0.2;'F150709B';2.77E-07;2.5198000000E-08;-1.6579500000E-08;-1.0727000000E-08;-3.4272900000E-10
2.08;0.2;'F150709B';2.77E-07;4.1418000000E-08;1.1380800000E-09;-1.0098400000E-08;1.1967600000E-09
2.085;0.2;'F150709B';2.77E-07;7.5325800000E-08;1.4305200000E-08;-9.1344700000E-09;-3.8184500000E-11
2.09;0.2;'F150709B';2.77E-07;6.5323400000E-08;8.0839200000E-10;-7.6732200000E-09;2.1979300000E-10
2.095;0.2;'F150709B';2.77E-07;7.8976600000E-08;2.1122500000E-09;-9.0702100000E-09;1.5180600000E-10
2.1;0.2;'F150709B';2.77E-07;8.6915200000E-08;2.0079500000E-09;-1.3951300000E-08;1.1678900000E-09
2.105;0.2;'F150709B';2.77E-07;1.0731900000E-07;7.1674900000E-09;-2.8249000000E-08;6.7241900000E-10
2.11;0.2;'F150709B';2.77E-07;1.0088900000E-07;1.4156200000E-09;-3.7374200000E-08;3.3341500000E-10
2.115;0.2;'F150709B';2.77E-07;1.0659600000E-07;1.4156200000E-09;-5.1819000000E-08;1.6577600000E-09
2.12;0.2;'F150709B';2.77E-07;1.0511300000E-07;1.0207400000E-09;-6.4403300000E-08;-8.2701800000E-10
2.125;0.2;'F150709B';2.77E-07;1.0891300000E-07;-1.4901300000E-11;-7.6801100000E-08;-1.5869800000E-09
2.13;0.2;'F150709B';2.77E-07;1.1142400000E-07;2.9802500000E-11;-8.5086100000E-08;-2.0303000000E-09
2.135;0.2;'F150709B';2.77E-07;1.1307800000E-07;-2.7045800000E-09;-1.0624600000E-07;-3.2633700000E-09
2.14;0.2;'F150709B';2.77E-07;1.1423300000E-07;-2.1904900000E-09;-1.1306300000E-07;-3.0622000000E-09
2.145;0.2;'F150709B';2.77E-07;1.0826500000E-07;-3.0398500000E-09;-1.4109300000E-07;-5.5358100000E-09
2.15;0.2;'F150709B';2.77E-07;9.9562600000E-08;-3.4272800000E-09;-1.6408500000E-07;-7.3910100000E-09
2.155;0.2;'F150709B';2.77E-07;1.0003200000E-07;-4.6268400000E-09;-1.6640200000E-07;-6.4745800000E-09
2.16;0.2;'F150709B';2.77E-07;1.0223000000E-07;-5.3421000000E-09;-1.6156700000E-07;-7.8455200000E-09
2.165;0.2;'F150709B';2.77E-07;1.1258600000E-07;-5.1930800000E-09;-1.4670300000E-07;-7.6965100000E-09
2.17;0.2;'F150709B';2.77E-07;1.1926200000E-07;-7.4804100000E-09;-1.2252600000E-07;-8.7470400000E-09
2.175;0.2;'F150709B';2.77E-07;1.4108500000E-07;-6.2138100000E-09;-8.2336800000E-08;-4.1574500000E-09
2.18;0.2;'F150709B';2.77E-07;1.6325100000E-07;-8.8737000000E-09;-4.3772400000E-08;4.9919300000E-10
2.185;0.2;'F150709B';2.77E-07;2.0343200000E-07;1.4948900000E-07;-2.6561400000E-08;5.8338300000E-09
2.19;0.2;'F150709B';2.77E-07;2.1329600000E-07;-2.6405000000E-08;1.4238100000E-08;3.9287100000E-08
2.195;0.2;'F150709B';2.77E-07;2.1612700000E-07;-1.9183800000E-07;-4.1967800000E-07;4.4423500000E-07
2.2;0.2;'F150709B';2.77E-07;1.2874700000E-08;-1.7376000000E-06;1.8448900000E-06;-5.7225500000E-06
2.205;0.2;'F150709B';2.77E-07;-9.6083200000E-08;-1.9273800000E-06;9.9249500000E-06;-4.8265800000E-06
2.21;0.2;'F150709B';2.77E-07;-5.0449700000E-07;-3.9053100000E-07;6.1321600000E-07;-2.6331100000E-06
2.215;0.2;'F150709B';2.77E-07;-2.4861300000E-07;-6.2704600000E-08;-2.0289500000E-07;-3.8129300000E-07
2.22;0.2;'F150709B';2.77E-07;-2.0784200000E-07;-3.1888700000E-08;-8.9735300000E-08;-1.8954400000E-08
2.225;0.2;'F150709B';2.77E-07;-1.9121300000E-07;-2.4676400000E-08;5.7399500000E-08;1.7285400000E-09
2.23;0.2;'F150709B';2.77E-07;-1.6039700000E-07;-1.7702700000E-08;1.2081900000E-07;1.3530300000E-08
2.235;0.2;'F150709B';2.77E-07;-1.3643600000E-07;-1.0907700000E-08;1.5670200000E-07;1.4543600000E-08
2.24;0.2;'F150709B';2.77E-07;-1.1193800000E-07;-7.2121900000E-09;1.6233400000E-07;1.5258900000E-08
2.245;0.2;'F150709B';2.77E-07;-3.5077600000E-08;8.1062900000E-09;1.6683400000E-07;9.3579900000E-09
2.25;0.2;'F150709B';2.77E-07;-7.6324200000E-08;-2.6524200000E-09;1.5032400000E-07;8.9109500000E-09
2.255;0.2;'F150709B';2.77E-07;-6.2287300000E-08;-2.9802500000E-10;1.2925400000E-07;7.3314000000E-09
2.26;0.2;'F150709B';2.77E-07;-5.5253700000E-08;-9.8348400000E-10;1.0755700000E-07;5.3346400000E-09
2.265;0.2;'F150709B';2.77E-07;-1.0058400000E-09;6.2212600000E-09;9.6679200000E-08;3.0100500000E-09
2.27;0.2;'F150709B';2.77E-07;-4.2476000000E-08;-2.6822300000E-10;8.0258100000E-08;2.0265700000E-09
2.275;0.2;'F150709B';2.77E-07;-4.3332800000E-08;4.6193800000E-10;6.1750900000E-08;1.3411100000E-09
2.28;0.2;'F150709B';2.77E-07;-4.1000800000E-08;2.3842000000E-10;5.1886100000E-08;1.8775500000E-09
2.285;0.2;'F150709B';2.77E-07;-4.4301400000E-08;1.4081700000E-09;3.1650300000E-08;-1.9148100000E-09
2.29;0.2;'F150709B';2.77E-07;-3.6292000000E-08;9.1642500000E-10;3.2767900000E-08;1.7732500000E-09
2.295;0.2;'F150709B';2.77E-07;-3.4265500000E-08;-3.2037700000E-10;2.7403400000E-08;4.0978400000E-10
2.3;0.2;'F150709B';2.77E-07;-3.2745500000E-08;3.7253100000E-10;2.0601000000E-08;3.8743200000E-10
2.305;0.2;'F150709B';2.77E-07;-2.9325600000E-08;1.4901300000E-10;1.1630400000E-08;1.8365800000E-09
2.31;0.2;'F150709B';2.77E-07;-2.7179800000E-08;3.2782700000E-10;8.9556600000E-09;-1.6056100000E-09
2.315;0.2;'F150709B';2.77E-07;-2.2970300000E-08;4.4703700000E-11;3.2028300000E-09;-1.9576500000E-09
2.32;0.2;'F150709B';2.77E-07;-2.9467200000E-09;6.3330400000E-11;-2.9816400000E-09;-1.6102600000E-09
2.325;0.2;'F150709B';2.77E-07;-1.1909800000E-08;1.7881500000E-10;-6.2873900000E-09;4.2375400000E-11
2.33;0.2;'F150709B';2.77E-07;-2.4136300000E-08;2.4205200000E-08;-8.8071100000E-09;-3.1665100000E-10
2.335;0.2;'F150709B';2.77E-07;3.0864200000E-09;3.3168400000E-08;-1.4531500000E-08;9.4436500000E-10
2.34;0.2;'F150709B';2.77E-07;6.3609600000E-09;3.4459100000E-10;-1.5332500000E-08;-7.8231500000E-10
2.345;0.2;'F150709B';2.77E-07;1.3958700000E-08;6.2212700000E-10;-1.6346700000E-08;-1.0803400000E-10
2.35;0.2;'F150709B';2.77E-07;2.3413600000E-08;-1.6763900000E-10;-1.7565800000E-08;-1.3355200000E-09
2.355;0.2;'F150709B';2.77E-07;3.4340000000E-08;-1.4715000000E-10;-2.0340200000E-08;-6.3144000000E-10
2.36;0.2;'F150709B';2.77E-07;4.0572400000E-08;6.2957800000E-10;-2.0325300000E-08;-1.3336600000E-09
2.365;0.2;'F150709B';2.77E-07;7.1500000000E-08;-2.5645000000E-08;-1.9548600000E-08;5.0291800000E-10
2.37;0.2;'F150709B';2.77E-07;5.8148300000E-08;1.9930400000E-09;-2.0513400000E-08;7.4878700000E-10
2.375;0.2;'F150709B';2.77E-07;6.9711800000E-08;1.2591600000E-09;-1.8038000000E-08;3.1851400000E-10
2.38;0.2;'F150709B';2.77E-07;7.9017600000E-08;1.2032800000E-09;-1.8634000000E-08;-1.0803400000E-10
2.385;0.2;'F150709B';2.77E-07;8.5328200000E-08;1.0207400000E-09;-1.8222400000E-08;8.9779900000E-10
2.39;0.2;'F150709B';2.77E-07;5.7615600000E-08;-2.1539700000E-08;-1.8825900000E-08;9.3505200000E-10
2.395;0.2;'F150709B';2.77E-07;1.0524000000E-07;1.6242300000E-09;-2.4344900000E-08;-2.3655700000E-10
2.4;0.2;'F150709B';2.77E-07;1.1306300000E-07;8.7172200000E-10;-2.7408900000E-08;-6.1095100000E-10
2.405;0.2;'F150709B';2.77E-07;1.2333000000E-07;8.0466600000E-10;-2.7839200000E-08;6.2585200000E-10
2.41;0.2;'F150709B';2.77E-07;1.3640600000E-07;0.0000000000E+00;-3.2088000000E-08;-1.4640500000E-09
2.415;0.2;'F150709B';2.77E-07;1.4037000000E-07;-1.7136400000E-09;-3.4340000000E-08;-1.1231800000E-09
2.42;0.2;'F150709B';2.77E-07;1.5855700000E-07;-3.5911900000E-09;-3.2404700000E-08;-3.7383400000E-09
2.425;0.2;'F150709B';2.77E-07;1.7071600000E-07;-4.9397600000E-09;-4.3148400000E-08;-6.9644600000E-09
2.43;0.2;'F150709B';2.77E-07;2.0960100000E-07;5.6922700000E-08;-4.3688600000E-08;-7.6275600000E-09
2.435;0.2;'F150709B';2.77E-07;2.1076300000E-07;-1.8626600000E-08;-1.0317600000E-07;-2.2277400000E-08
2.44;0.2;'F150709B';2.77E-07;2.6154700000E-07;-2.7477900000E-08;-1.0153000000E-07;-4.2662300000E-08
2.445;0.2;'F150709B';2.77E-07;3.4517200000E-07;-6.0707600000E-08;-2.9111100000E-07;-1.4835700000E-07
2.45;0.2;'F150709B';2.77E-07;7.8714300000E-07;1.7249700000E-07;-8.5682100000E-08;-1.5613500000E-07
2.455;0.2;'F150709B';2.77E-07;7.2825300000E-07;-2.4545400000E-07;-1.4176400000E-06;-1.0736100000E-06
2.46;0.2;'F150709B';2.77E-07;1.7454700000E-06;-4.1699600000E-07;-2.2907400000E-06;-2.9773900000E-06
2.465;0.2;'F150709B';2.77E-07;1.0759900000E-06;-1.9705400000E-06;-5.9204400000E-06;-1.2075500000E-05
2.47;0.2;'F150709B';2.77E-07;3.1826600000E-06;9.6321600000E-08;-1.7147100000E-06;-1.7794700000E-05
2.475;0.2;'F150709B';2.77E-07;2.1925100000E-06;2.3985100000E-06;1.0345500000E-05;-1.8709300000E-05
2.48;0.2;'F150709B';2.77E-07;1.8263000000E-07;-3.4513600000E-06;1.6592100000E-05;-1.7156700000E-05
2.485;0.2;'F150709B';2.77E-07;4.3869300000E-06;-2.1844000000E-05;1.7679300000E-05;-1.7280700000E-05
2.49;0.2;'F150709B';2.77E-07;1.1413600000E-05;-2.4290200000E-05;1.6668400000E-05;-1.5258800000E-05
2.495;0.2;'F150709B';2.77E-07;1.8295400000E-05;-1.8327800000E-05;1.6584500000E-05;-1.1180900000E-05
2.5;0.2;'F150709B';2.77E-07;1.3410600000E-05;-5.4340700000E-06;1.1146600000E-05;-2.4566800000E-06
2.505;0.2;'F150709B';2.77E-07;-3.4713900000E-06;5.7697700000E-07;-2.1672400000E-06;5.5885700000E-07
2.51;0.2;'F150709B';2.77E-07;-5.9824300000E-06;-9.4223400000E-07;-3.8609700000E-06;-4.3058600000E-07
2.515;0.2;'F150709B';2.77E-07;-4.9314800000E-06;-1.7213900000E-06;-3.2406000000E-06;-1.1000700000E-06
2.52;0.2;'F150709B';2.77E-07;-2.9192100000E-06;-1.0957800000E-06;-1.8911400000E-06;-7.3767100000E-07
2.525;0.2;'F150709B';2.77E-07;-1.2626700000E-06;-3.4117800000E-06;-8.6260200000E-07;-4.9066900000E-07
2.53;0.2;'F150709B';2.77E-07;-6.7162900000E-07;-8.0371300000E-07;-6.1107100000E-07;-4.2701000000E-07
2.535;0.2;'F150709B';2.77E-07;-5.5885700000E-07;-5.3263100000E-07;-3.2067500000E-07;-2.9683300000E-07
2.54;0.2;'F150709B';2.77E-07;-5.3620700000E-07;-5.1832600000E-07;-2.9278000000E-07;-3.1793300000E-07
2.545;0.2;'F150709B';2.77E-07;-8.8930500000E-07;-5.0616600000E-07;-5.0008700000E-07;-3.2103200000E-07
2.55;0.2;'F150709B';2.77E-07;-1.6298400000E-06;-7.0119300000E-07;-8.8870900000E-07;-4.0185600000E-07
2.555;0.2;'F150709B';2.77E-07;-2.8116900000E-06;-1.6806200000E-06;-1.0081600000E-06;-7.1430600000E-07
2.56;0.2;'F150709B';2.77E-07;-5.3468000000E-06;-4.7355000000E-06;1.1921000000E-07;3.4839100000E-07
2.565;0.2;'F150709B';2.77E-07;-1.3716800000E-05;-6.4335200000E-06;5.8889800000E-07;6.9356300000E-07
2.57;0.2;'F150709B';2.77E-07;-2.7319100000E-05;1.1446100000E-05;1.8382100000E-06;7.2956600000E-08
2.575;0.2;'F150709B';2.77E-07;-1.1568100000E-05;9.0141900000E-06;1.3008200000E-06;-6.1703100000E-07
2.58;0.2;'F150709B';2.77E-07;-3.9282100000E-06;4.6463300000E-06;6.8641100000E-07;-1.3184600000E-07
2.585;0.2;'F150709B';2.77E-07;-1.0819500000E-06;-2.3422400000E-06;8.1944800000E-07;-4.0483700000E-07
2.59;0.2;'F150709B';2.77E-07;2.8543600000E-06;2.9039600000E-07;2.0020200000E-06;4.3630800000E-08
2.595;0.2;'F150709B';2.77E-07;1.4629400000E-06;-1.0149100000E-05;-1.1706400000E-06;-7.3786100000E-06
2.6;0.2;'F150709B';2.77E-07;2.5158100000E-06;-1.9684000000E-06;-4.3335300000E-06;2.0241900000E-06
2.605;0.2;'F150709B';2.77E-07;1.3168400000E-05;6.7549000000E-06;1.1648200000E-05;1.4606500000E-05
2.61;0.2;'F150709B';2.77E-07;7.8173300000E-06;-6.2656700000E-06;9.5196400000E-06;1.2397800000E-06
2.615;0.2;'F150709B';2.77E-07;1.7976800000E-06;-3.5181200000E-06;5.8365200000E-06;-1.9416900000E-06
2.62;0.2;'F150709B';2.77E-07;-3.9291600000E-07;-1.0709800000E-06;1.6918300000E-06;-1.8787500000E-06
2.625;0.2;'F150709B';2.77E-07;-4.5132800000E-07;-2.5463300000E-07;5.1355700000E-07;-5.4061800000E-07
2.63;0.2;'F150709B';2.77E-07;-3.5202700000E-07;-1.1730200000E-07;-9.7692500000E-08;-5.3644500000E-10
2.635;0.2;'F150709B';2.77E-07;-2.8443500000E-07;-4.7564700000E-08;1.2496200000E-07;-2.1368400000E-08
2.64;0.2;'F150709B';2.77E-07;-2.2256500000E-07;-2.8491100000E-08;9.0182300000E-08;6.9499500000E-08
2.645;0.2;'F150709B';2.77E-07;-2.1374300000E-07;-1.8477600000E-08;1.2689900000E-07;5.9277100000E-08
2.65;0.2;'F150709B';2.77E-07;-2.0176300000E-07;-8.5354300000E-08;1.2359100000E-07;3.9249900000E-08
2.655;0.2;'F150709B';2.77E-07;-1.7786100000E-07;-1.0907700000E-08;9.9957500000E-08;2.6524200000E-08
2.66;0.2;'F150709B';2.77E-07;-1.6182800000E-07;-8.1062900000E-09;7.3016200000E-08;1.5765500000E-08
2.665;0.2;'F150709B';2.77E-07;-1.4424400000E-07;-4.3511700000E-09;5.9604900000E-08;9.4473900000E-09
2.67;0.2;'F150709B';2.77E-07;-1.3321700000E-07;-3.6955000000E-09;4.3571200000E-08;-7.1376900000E-09
2.675;0.2;'F150709B';2.77E-07;-1.3047500000E-07;-4.4703800000E-09;3.7104100000E-08;3.2484700000E-09
2.68;0.2;'F150709B';2.77E-07;-1.2982000000E-07;-3.8147300000E-09;3.2909400000E-08;2.5332100000E-09
2.685;0.2;'F150709B';2.77E-07;-1.2314400000E-07;-1.8477500000E-09;2.5220300000E-08;2.0861700000E-10
2.69;0.2;'F150709B';2.77E-07;-1.1479900000E-07;-7.1525900000E-10;2.3402400000E-08;1.0877900000E-09
2.695;0.2;'F150709B';2.77E-07;-1.0788500000E-07;-1.9669700000E-09;2.1696200000E-08;3.0547600000E-10
2.7;0.2;'F150709B';2.77E-07;-1.0663300000E-07;-2.3842000000E-10;1.2170600000E-08;2.6337900000E-09
2.705;0.2;'F150709B';2.77E-07;-1.0699100000E-07;-1.0132900000E-09;1.0829500000E-08;-1.2442500000E-09
2.71;0.2;'F150709B';2.77E-07;-1.0442800000E-07;-1.7881500000E-09;1.1466500000E-08;-4.6957600000E-09
2.715;0.2;'F150709B';2.77E-07;-1.0258000000E-07;1.7881500000E-10;2.8386900000E-09;-7.7858900000E-10
2.72;0.2;'F150709B';2.77E-07;-1.0597800000E-07;-1.4931000000E-08;8.0885700000E-10;-4.7898200000E-09
2.725;0.2;'F150709B';2.77E-07;-9.0688900000E-08;-4.7684100000E-10;-1.1441400000E-09;-1.7346000000E-09
2.73;0.2;'F150709B';2.77E-07;-8.5801400000E-08;1.7881500000E-10;-4.9961100000E-09;-1.3350600000E-09
2.735;0.2;'F150709B';2.77E-07;-7.8738200000E-08;-1.4901300000E-10;-5.9539700000E-09;-6.6869300000E-10
2.74;0.2;'F150709B';2.77E-07;-7.2718100000E-08;-2.6822300000E-10;-6.4866900000E-09;-1.2279600000E-09
2.745;0.2;'F150709B';2.77E-07;-6.7800700000E-08;9.8348400000E-10;-6.3367500000E-09;-1.6433300000E-09
2.75;0.2;'F150709B';2.77E-07;-6.3479400000E-08;0.0000000000E+00;-7.6760200000E-09;-1.2959400000E-09
2.755;0.2;'F150709B';2.77E-07;-5.9426100000E-08;1.0728900000E-09;-1.1690000000E-08;-3.9274200000E-09
2.76;0.2;'F150709B';2.77E-07;-5.6892900000E-08;-6.5565500000E-10;-1.3001300000E-08;-6.4168500000E-10
2.765;0.2;'F150709B';2.77E-07;-5.0664200000E-08;4.4703700000E-10;-1.1549400000E-08;-1.1660200000E-09
2.77;0.2;'F150709B';2.77E-07;-6.1072900000E-08;-3.3527800000E-08;-1.2680900000E-08;-6.5472300000E-10
2.775;0.2;'F150709B';2.77E-07;-4.0203600000E-08;-5.4389600000E-10;-1.4012700000E-08;-1.0309800000E-09
2.78;0.2;'F150709B';2.77E-07;-3.5450100000E-08;-1.0505400000E-09;-1.3621600000E-08;-1.2219000000E-09
2.785;0.2;'F150709B';2.77E-07;-3.1531100000E-08;4.6193800000E-10;-1.3839500000E-08;-3.1478900000E-10
2.79;0.2;'F150709B';2.77E-07;-2.8155900000E-08;1.1101400000E-09;-1.4596700000E-08;-1.3606700000E-09
2.795;0.2;'F150709B';2.77E-07;-2.2411500000E-08;2.2351800000E-10;-1.3684900000E-08;-3.3620900000E-10
2.8;0.2;'F150709B';2.77E-07;-1.0110500000E-08;-3.0819600000E-08;-1.5765500000E-08;-5.4296500000E-10
2.805;0.2;'F150709B';2.77E-07;-1.2613900000E-08;4.4703700000E-11;-1.5115400000E-08;1.9464700000E-10
2.81;0.2;'F150709B';2.77E-07;-1.6881300000E-08;3.1551600000E-08;-1.4868600000E-08;-1.4901300000E-10
2.815;0.2;'F150709B';2.77E-07;-5.5712000000E-09;1.3653300000E-09;-1.6842200000E-08;-9.2573800000E-10
2.82;0.2;'F150709B';2.77E-07;3.2363700000E-08;-2.0047800000E-08;-2.0055200000E-08;1.2368000000E-09
2.825;0.2;'F150709B';2.77E-07;2.1843400000E-08;-2.1844300000E-08;-2.1547200000E-08;-1.8980400000E-09
2.83;0.2;'F150709B';2.77E-07;9.7966400000E-09;5.1036800000E-10;-2.1552800000E-08;1.0952400000E-09
2.835;0.2;'F150709B';2.77E-07;1.3341300000E-08;7.2736700000E-10;-2.2748600000E-08;9.4063900000E-10
2.84;0.2;'F150709B';2.77E-07;1.8601400000E-08;7.6927600000E-10;-2.4035700000E-08;8.8476000000E-10
2.845;0.2;'F150709B';2.77E-07;-1.3534000000E-08;2.9402000000E-08;-2.6701100000E-08;6.3702800000E-10
2.85;0.2;'F150709B';2.77E-07;2.7289700000E-08;6.5379200000E-10;-2.6365900000E-08;2.8871200000E-10
2.855;0.2;'F150709B';2.77E-07;3.0858700000E-08;1.0598500000E-09;-2.8366300000E-08;2.1327400000E-09
2.86;0.2;'F150709B';2.77E-07;3.7307200000E-08;2.0042200000E-09;-2.9146800000E-08;1.4864000000E-09
2.865;0.2;'F150709B';2.77E-07;4.3655000000E-08;1.8589300000E-09;-2.9264100000E-08;7.6927600000E-10
2.87;0.2;'F150709B';2.77E-07;3.8929500000E-08;-3.3870600000E-08;-2.8483700000E-08;2.4214600000E-10
2.875;0.2;'F150709B';2.77E-07;5.6874200000E-08;2.3693000000E-09;-2.8390600000E-08;3.0920100000E-10
2.88;0.2;'F150709B';2.77E-07;6.4284100000E-08;9.8348400000E-10;-2.7861600000E-08;1.3522900000E-09
2.885;0.2;'F150709B';2.77E-07;7.0896500000E-08;3.5427700000E-09;-2.5166300000E-08;1.9371700000E-09
2.89;0.2;'F150709B';2.77E-07;7.7289100000E-08;3.7551100000E-09;-2.4918600000E-08;1.9017700000E-09
2.895;0.2;'F150709B';2.77E-07;8.6103100000E-08;3.4123800000E-09;-2.1761400000E-08;3.5334500000E-09
2.9;0.2;'F150709B';2.77E-07;8.7976900000E-08;-3.3453300000E-08;-1.9237500000E-08;3.3155200000E-09
2.905;0.2;'F150709B';2.77E-07;1.0182000000E-07;3.6508000000E-09;-1.8507400000E-08;2.9485800000E-09
2.91;0.2;'F150709B';2.77E-07;1.1224300000E-07;5.8263800000E-09;-1.1487000000E-08;2.6002700000E-09
2.915;0.2;'F150709B';2.77E-07;1.2178000000E-07;5.4911100000E-09;-1.1064200000E-08;3.8855100000E-09
2.92;0.2;'F150709B';2.77E-07;1.2854600000E-07;4.9695700000E-09;-5.5432600000E-09;3.3062100000E-09
2.925;0.2;'F150709B';2.77E-07;1.3752400000E-07;5.6848200000E-09;-5.4315000000E-09;6.8182400000E-09
2.93;0.2;'F150709B';2.77E-07;1.4528700000E-07;4.6864400000E-09;-6.6869300000E-10;4.8894700000E-09
2.935;0.2;'F150709B';2.77E-07;1.5451900000E-07;5.2228900000E-09;-8.1677400000E-10;6.5518800000E-09
2.94;0.2;'F150709B';2.77E-07;1.6378000000E-07;4.8801600000E-09;6.6124400000E-11;3.8473200000E-09
2.945;0.2;'F150709B';2.77E-07;1.7143900000E-07;4.6417400000E-09;-1.2172500000E-09;4.1816700000E-09
2.95;0.2;'F150709B';2.77E-07;1.7185600000E-07;4.7535000000E-09;-1.1036200000E-08;4.7488400000E-09
2.955;0.2;'F150709B';2.77E-07;1.7289900000E-07;3.0175000000E-09;-3.0752500000E-08;2.3283200000E-09
2.96;0.2;'F150709B';2.77E-07;1.7226600000E-07;3.6731500000E-09;-3.9413800000E-08;2.5015500000E-09
2.965;0.2;'F150709B';2.77E-07;1.7249700000E-07;2.1681300000E-09;-6.6627300000E-08;4.5374300000E-09
2.97;0.2;'F150709B';2.77E-07;1.7286200000E-07;1.4007200000E-09;-8.5525700000E-08;-1.7173700000E-09
2.975;0.2;'F150709B';2.77E-07;1.6796700000E-07;5.4389600000E-10;-1.2195900000E-07;-8.9258500000E-09
2.98;0.2;'F150709B';2.77E-07;1.7034400000E-07;4.0233300000E-10;-1.5258900000E-07;-8.9258500000E-09
2.985;0.2;'F150709B';2.77E-07;1.7606600000E-07;-1.5199300000E-09;-1.9219600000E-07;-6.2287100000E-09
2.99;0.2;'F150709B';2.77E-07;1.7480600000E-07;-2.7641800000E-09;-2.2789900000E-07;-1.9699500000E-08
2.995;0.2;'F150709B';2.77E-07;1.7539500000E-07;-3.5986400000E-09;-2.7069600000E-07;-2.7477900000E-08
3;0.2;'F150709B';2.77E-07;3.1441600000E-07;4.8786600000E-08;-3.1283700000E-07;-3.6716700000E-08
