meas N = 7;meas N = 7;meas N = 7
ring = 4;ring = 4;ring = 4
freq (Hz) = 13.838;freq (Hz) = 13.838;freq (Hz) = 13.838
T (K) = 0.2610;T (K) = 0.2610;T (K) = 0.2610
B (T) ;gx (S);gy (S)
0.00000000E+00;6.37041617E-04;-8.64935763E-07
2.00000000E-02;6.30373730E-04;-2.10377370E-06
4.00000000E-02;6.28257837E-04;7.55244805E-06
6.00000000E-02;6.14251147E-04;3.06805177E-06
8.00000000E-02;5.76627106E-04;3.72345449E-06
1.00000000E-01;5.21143066E-04;3.07205471E-06
1.20000000E-01;4.62944102E-04;3.01354855E-06
1.40000000E-01;4.16897330E-04;1.62624741E-06
1.60000000E-01;3.84569271E-04;1.37546966E-06
1.80000000E-01;3.59669133E-04;2.22871544E-06
2.00000000E-01;3.35392283E-04;2.03261929E-06
2.20000000E-01;3.26456121E-04;1.50223193E-06
2.40000000E-01;2.88436560E-04;4.74762282E-07
2.60000000E-01;2.88640750E-04;1.06092876E-06
2.80000000E-01;2.74176861E-04;6.21047899E-07
3.00000000E-01;2.68069129E-04;5.99152350E-07
3.20000000E-01;2.58696598E-04;7.27556517E-07
3.40000000E-01;2.27879721E-04;5.99549487E-07
3.60000000E-01;2.53152371E-04;7.47747013E-07
3.80000000E-01;2.29670086E-04;6.29830242E-07
4.00000000E-01;1.88375985E-04;5.20303869E-07
4.20000000E-01;1.78302104E-04;-5.15519631E-08
4.40000000E-01;1.69509213E-04;2.55370590E-07
4.60000000E-01;2.38386477E-04;6.37202264E-07
4.80000000E-01;1.90275614E-04;5.41514974E-07
5.00000000E-01;8.40952981E-05;1.16931156E-07
5.02500000E-01;9.26124759E-05;-7.26846688E-08
5.05000000E-01;1.19882470E-04;-2.12696258E-08
5.07500000E-01;1.67253618E-04;2.65485637E-07
5.10000000E-01;1.97204881E-04;2.94348287E-07
5.12500000E-01;2.10109327E-04;6.26651652E-07
5.15000000E-01;2.12890893E-04;2.11484431E-07
5.17500000E-01;2.01478811E-04;7.07274099E-07
5.20000000E-01;1.82582165E-04;3.64609067E-07
5.22500000E-01;1.62819820E-04;7.50870942E-07
5.25000000E-01;1.31220646E-04;2.34474711E-07
5.27500000E-01;9.85895988E-05;1.04377021E-07
5.30000000E-01;7.92607258E-05;-2.51871970E-08
5.32500000E-01;7.37083770E-05;1.59821720E-07
5.35000000E-01;8.37845883E-05;1.25571579E-07
5.37500000E-01;1.07690459E-04;1.44017868E-07
5.40000000E-01;1.40541293E-04;-5.92226771E-08
5.42500000E-01;1.70298097E-04;2.57928724E-07
5.45000000E-01;1.83361231E-04;3.11696308E-07
5.47500000E-01;1.87951693E-04;6.96835756E-07
5.50000000E-01;1.84232927E-04;6.01957869E-07
5.52500000E-01;1.77252844E-04;3.16332138E-07
5.55000000E-01;1.65873730E-04;5.54741193E-07
5.57500000E-01;1.49053639E-04;1.71028901E-07
5.60000000E-01;1.28532075E-04;2.08563778E-07
5.62500000E-01;1.02369287E-04;9.12044703E-08
5.65000000E-01;8.14160061E-05;-9.57071523E-08
5.67500000E-01;6.81457132E-05;-4.03459254E-08
5.70000000E-01;6.79594750E-05;-2.65541540E-08
5.72500000E-01;7.99163758E-05;1.22568224E-07
5.75000000E-01;1.01663213E-04;2.78961084E-07
5.77500000E-01;1.28457740E-04;1.29389333E-07
5.80000000E-01;1.48153179E-04;6.72757392E-08
5.82500000E-01;1.62520136E-04;2.02098248E-07
5.85000000E-01;1.68032773E-04;7.52620645E-07
5.87500000E-01;1.63837754E-04;1.75507589E-07
5.90000000E-01;1.56393922E-04;2.18808555E-07
5.92500000E-01;1.54562899E-04;3.64604188E-07
5.95000000E-01;1.56120784E-04;1.84654112E-07
5.97500000E-01;1.45854499E-04;4.71949173E-08
6.00000000E-01;1.21789987E-04;1.02622199E-07
6.02500000E-01;1.00815378E-04;3.85130774E-07
6.05000000E-01;8.56114650E-05;7.79521115E-09
6.07500000E-01;7.25705832E-05;1.84175312E-07
6.10000000E-01;6.33795494E-05;3.08573203E-08
6.12500000E-01;6.20691480E-05;3.22817119E-08
6.15000000E-01;7.07638844E-05;5.27392657E-08
6.17500000E-01;8.79042056E-05;9.98387751E-08
6.20000000E-01;1.10197449E-04;4.38232908E-08
6.22500000E-01;1.30555834E-04;4.64781211E-07
6.25000000E-01;1.42688755E-04;3.49989022E-07
6.27500000E-01;1.48354473E-04;1.43184464E-07
6.30000000E-01;1.50967996E-04;5.39298254E-07
6.32500000E-01;1.45345246E-04;6.18056332E-07
6.35000000E-01;1.35517460E-04;2.24344448E-07
6.37500000E-01;1.28573331E-04;3.90307753E-08
6.40000000E-01;1.32767603E-04;3.15073528E-07
6.42500000E-01;1.42495863E-04;9.22847152E-08
6.45000000E-01;1.39614433E-04;2.09777392E-07
6.47500000E-01;1.19181133E-04;3.19199808E-07
6.50000000E-01;9.32199029E-05;1.62099506E-07
6.52500000E-01;7.41343484E-05;1.76966856E-07
6.55000000E-01;6.73939078E-05;5.98116457E-08
6.57500000E-01;6.31484513E-05;1.09665106E-07
6.60000000E-01;5.97492726E-05;6.75424044E-08
6.62500000E-01;5.97780563E-05;1.34979679E-07
6.65000000E-01;6.63062758E-05;5.15492897E-08
6.67500000E-01;7.91791089E-05;1.42790316E-07
6.70000000E-01;9.65159932E-05;-1.50541427E-07
6.72500000E-01;1.14573279E-04;-6.05745657E-08
6.75000000E-01;1.28594657E-04;2.38681336E-07
6.77500000E-01;1.37618023E-04;1.50195619E-07
6.80000000E-01;1.39588853E-04;-2.81508218E-07
6.82500000E-01;1.36237078E-04;1.39745247E-07
6.85000000E-01;1.31206932E-04;1.09958949E-07
6.87500000E-01;1.20912927E-04;2.48921488E-07
6.90000000E-01;1.10695273E-04;1.34876258E-07
6.92500000E-01;1.06376303E-04;1.94711648E-08
6.95000000E-01;1.12542029E-04;-8.25730607E-08
6.97500000E-01;1.23059858E-04;3.61446248E-07
7.00000000E-01;1.26570747E-04;4.15437677E-08
7.02500000E-01;1.21502321E-04;2.97222072E-07
7.05000000E-01;1.07807190E-04;8.57720157E-08
7.07500000E-01;8.71247718E-05;1.43912620E-07
7.10000000E-01;6.44142737E-05;1.33216253E-07
7.12500000E-01;5.12813124E-05;-5.55718995E-09
7.15000000E-01;5.02903693E-05;-2.75380034E-08
7.17500000E-01;5.36181809E-05;3.53482547E-08
7.20000000E-01;5.73304035E-05;-3.48862105E-08
7.22500000E-01;6.19430370E-05;8.19825199E-08
7.25000000E-01;6.81643696E-05;6.80468414E-08
7.27500000E-01;7.75048541E-05;9.14830927E-08
7.30000000E-01;9.05447003E-05;7.67965841E-08
7.32500000E-01;1.03849723E-04;1.10661149E-07
7.35000000E-01;1.14629551E-04;2.47805433E-07
7.37500000E-01;1.23909542E-04;5.10104242E-07
7.40000000E-01;1.30616542E-04;-6.96438839E-08
7.42500000E-01;1.32365061E-04;3.41175924E-07
7.45000000E-01;1.28978311E-04;5.41240955E-07
7.47500000E-01;1.20774086E-04;2.56432716E-07
7.50000000E-01;1.09582621E-04;-1.61451555E-08
7.52500000E-01;9.88484699E-05;4.48827268E-09
7.55000000E-01;9.08807254E-05;-3.04267720E-09
7.57500000E-01;8.92646792E-05;2.05537793E-07
7.60000000E-01;9.56923122E-05;1.80041090E-07
7.62500000E-01;1.03549462E-04;7.47334147E-08
7.65000000E-01;1.06167333E-04;1.34309395E-07
7.67500000E-01;1.03968203E-04;2.52669021E-07
7.70000000E-01;1.00811123E-04;-6.08324452E-08
7.72500000E-01;9.66936899E-05;1.37597139E-07
7.75000000E-01;9.00897806E-05;6.48238182E-08
7.77500000E-01;7.82163756E-05;1.88841885E-08
7.80000000E-01;6.12833814E-05;2.90959141E-08
7.82500000E-01;4.48101233E-05;4.46094387E-09
7.85000000E-01;3.58397133E-05;-7.21885904E-08
7.87500000E-01;3.58954120E-05;6.63806432E-08
7.90000000E-01;4.46546639E-05;6.92669030E-08
7.92500000E-01;5.44761857E-05;3.60799581E-08
7.95000000E-01;6.25538907E-05;9.84503621E-08
7.97500000E-01;6.97551624E-05;1.21901843E-07
8.00000000E-01;7.72536659E-05;1.71536487E-07
8.02500000E-01;8.60528131E-05;-1.14551599E-07
8.05000000E-01;9.49650692E-05;7.63888771E-08
8.07500000E-01;1.03209249E-04;1.73859463E-07
8.10000000E-01;1.10878599E-04;-8.13622163E-08
8.12500000E-01;1.18371732E-04;-1.73526911E-07
8.15000000E-01;1.23156665E-04;2.81682618E-07
8.17500000E-01;1.25750357E-04;-4.13193535E-08
8.20000000E-01;1.24246016E-04;3.00563748E-07
8.22500000E-01;1.18309582E-04;3.99102259E-07
8.25000000E-01;1.08507839E-04;-5.06601055E-08
8.27500000E-01;9.57416647E-05;4.70918414E-09
8.30000000E-01;8.38346373E-05;-1.01106211E-07
8.32500000E-01;7.62580744E-05;1.90124615E-07
8.35000000E-01;7.41766572E-05;1.75978589E-07
8.37500000E-01;7.94404914E-05;1.53730887E-07
8.40000000E-01;8.76412144E-05;2.17299853E-07
8.42500000E-01;9.32025887E-05;1.22503148E-07
8.45000000E-01;9.23622600E-05;8.10946293E-09
8.47500000E-01;8.73053689E-05;3.40674071E-08
8.50000000E-01;8.08718029E-05;5.22640529E-08
8.52500000E-01;7.55231742E-05;1.98250367E-07
8.55000000E-01;7.18415262E-05;2.81679008E-07
8.57500000E-01;7.04663702E-05;7.92955737E-08
8.60000000E-01;6.98813010E-05;6.18822981E-08
8.62500000E-01;6.75563776E-05;6.93484992E-08
8.65000000E-01;6.23937489E-05;1.79892486E-07
8.67500000E-01;5.45854627E-05;3.63602624E-08
8.70000000E-01;4.45796766E-05;5.58953922E-08
8.72500000E-01;3.44053083E-05;6.08741145E-08
8.75000000E-01;2.94580696E-05;-3.15664174E-08
8.77500000E-01;2.94302008E-05;-3.00492092E-08
8.80000000E-01;3.68054000E-05;-2.43866241E-08
8.82500000E-01;4.94735496E-05;9.95693201E-08
8.85000000E-01;6.19810194E-05;2.56475702E-08
8.87500000E-01;7.23152386E-05;1.14907318E-07
8.90000000E-01;8.02971491E-05;-2.72412683E-08
8.92500000E-01;8.62945744E-05;1.05775918E-07
8.95000000E-01;9.18186933E-05;-3.29351428E-08
8.97500000E-01;9.71525206E-05;2.16842573E-08
9.00000000E-01;1.03207139E-04;8.94332830E-08
9.02500000E-01;1.09168924E-04;2.88376389E-07
9.05000000E-01;1.13818661E-04;6.88600396E-08
9.07500000E-01;1.17833821E-04;-1.06452020E-07
9.10000000E-01;1.19752799E-04;-4.68123712E-08
9.12500000E-01;1.19305500E-04;3.56918079E-07
9.15000000E-01;1.16098233E-04;1.33825364E-07
9.17500000E-01;1.09471939E-04;1.33216687E-07
9.20000000E-01;9.96909910E-05;1.91434160E-07
9.22500000E-01;8.84711818E-05;1.54315697E-07
9.25000000E-01;7.73615173E-05;1.26789991E-07
9.27500000E-01;6.84417527E-05;1.64510383E-07
9.30000000E-01;6.28271008E-05;1.19381230E-07
9.32500000E-01;6.24673154E-05;-1.23108059E-08
9.35000000E-01;6.84055644E-05;1.50140232E-07
9.37500000E-01;7.67814038E-05;-5.14432197E-08
9.40000000E-01;8.42016451E-05;9.76216108E-08
9.42500000E-01;8.70709816E-05;-6.20957677E-08
9.45000000E-01;8.45640720E-05;4.02439823E-08
9.47500000E-01;7.80881743E-05;1.72168611E-07
9.50000000E-01;7.07161605E-05;5.83878167E-08
9.52500000E-01;6.36434315E-05;-5.25550869E-08
9.55000000E-01;5.78001266E-05;4.74224131E-08
9.57500000E-01;5.31926648E-05;5.18710985E-08
9.60000000E-01;5.05130507E-05;4.74538810E-08
9.62500000E-01;4.95161234E-05;1.17767215E-08
9.65000000E-01;4.99407812E-05;3.66971916E-08
9.67500000E-01;5.12128287E-05;5.31050361E-08
9.70000000E-01;5.27459920E-05;2.53935677E-08
9.72500000E-01;5.39865519E-05;2.70035509E-08
9.75000000E-01;5.37929735E-05;7.13779298E-08
9.77500000E-01;5.15096345E-05;5.15185160E-08
9.80000000E-01;4.75604932E-05;-5.57939097E-09
9.82500000E-01;4.26900734E-05;2.43309312E-08
9.85000000E-01;3.65321528E-05;6.36983867E-08
9.87500000E-01;3.12130332E-05;-3.05127290E-08
9.90000000E-01;2.91603927E-05;-6.81651892E-08
9.92500000E-01;3.02565151E-05;1.00825201E-08
9.95000000E-01;3.62810511E-05;1.28684057E-08
9.97500000E-01;4.83740049E-05;4.45023917E-09
1.00000000E+00;6.23972027E-05;-8.11598890E-08
1.00250000E+00;7.50809247E-05;2.23226647E-08
1.00500000E+00;8.24745840E-05;9.15795534E-08
1.00750000E+00;9.09105147E-05;1.17348627E-10
1.01000000E+00;9.64182571E-05;6.60007885E-08
1.01250000E+00;1.00865297E-04;2.49052453E-08
1.01500000E+00;1.05004141E-04;4.12582424E-08
1.01750000E+00;1.08321022E-04;1.73771560E-09
1.02000000E+00;1.11171111E-04;1.33490968E-07
1.02250000E+00;1.13120863E-04;3.47715803E-07
1.02500000E+00;1.14281395E-04;2.16631288E-07
1.02750000E+00;1.15482019E-04;3.19012264E-07
1.03000000E+00;1.14080915E-04;2.20737112E-07
1.03250000E+00;1.11317412E-04;-4.96848522E-08
1.03500000E+00;1.06651487E-04;1.70177268E-07
1.03750000E+00;9.96928743E-05;1.89529507E-07
1.04000000E+00;9.13935772E-05;7.24413170E-08
1.04250000E+00;8.17872493E-05;-5.84851781E-08
1.04500000E+00;7.36912702E-05;-1.01131456E-07
1.04750000E+00;6.44784858E-05;1.18100084E-08
1.05000000E+00;5.83279055E-05;1.20769351E-07
1.05250000E+00;5.43715041E-05;-1.42365319E-07
1.05500000E+00;5.39361425E-05;4.37531882E-08
1.05750000E+00;5.74812653E-05;2.55248032E-08
1.06000000E+00;6.34181007E-05;-2.24357363E-08
1.06250000E+00;7.03146530E-05;1.65899955E-08
1.06500000E+00;7.72397034E-05;8.91262023E-08
1.06750000E+00;8.15091626E-05;2.94109598E-08
1.07000000E+00;8.23210906E-05;-1.97636379E-07
1.07250000E+00;7.99745260E-05;1.54180399E-07
1.07500000E+00;7.53153164E-05;3.27901056E-08
1.07750000E+00;6.92556697E-05;1.24027407E-07
1.08000000E+00;6.20670353E-05;-4.28952625E-08
1.08250000E+00;5.49538663E-05;-1.45017799E-07
1.08500000E+00;4.85761318E-05;1.08472325E-07
1.08750000E+00;4.30417340E-05;2.93808334E-08
1.09000000E+00;3.85296286E-05;7.26221763E-09
1.09250000E+00;3.52943905E-05;-6.51454537E-09
1.09500000E+00;3.24492172E-05;2.74186122E-08
1.09750000E+00;3.08483203E-05;1.30013184E-08
1.10000000E+00;3.02616705E-05;-3.02712205E-08
1.10250000E+00;3.08641774E-05;-3.71096583E-08
1.10500000E+00;3.26507762E-05;1.31255682E-08
1.10750000E+00;3.53854878E-05;-1.04583948E-08
1.11000000E+00;3.90264304E-05;3.59743605E-09
1.11250000E+00;4.26189121E-05;-3.63478834E-08
1.11500000E+00;4.53072928E-05;9.02074296E-08
1.11750000E+00;4.68502178E-05;2.59329698E-08
1.12000000E+00;4.70273910E-05;1.17641310E-07
1.12250000E+00;4.62430909E-05;2.98561576E-08
1.12500000E+00;4.50213675E-05;9.94279351E-08
1.12750000E+00;4.34351575E-05;-3.81695006E-08
1.13000000E+00;4.16345083E-05;2.77901787E-09
1.13250000E+00;3.98369759E-05;6.97987506E-08
1.13500000E+00;3.76548095E-05;-1.66000790E-08
1.13750000E+00;3.60310417E-05;-2.04416731E-08
1.14000000E+00;3.62243082E-05;5.86106780E-08
1.14250000E+00;3.80586901E-05;-5.32965833E-08
1.14500000E+00;4.12263888E-05;5.67725746E-09
1.14750000E+00;4.61436303E-05;-1.77970975E-08
1.15000000E+00;5.30814805E-05;-7.91840131E-08
1.15250000E+00;6.39664974E-05;7.12275247E-08
1.15500000E+00;7.50420359E-05;1.40095129E-07
1.15750000E+00;8.54650423E-05;2.22273407E-07
1.16000000E+00;9.50725476E-05;1.97913321E-07
1.16250000E+00;1.02678727E-04;4.38430996E-08
1.16500000E+00;1.09311501E-04;3.24363359E-07
1.16750000E+00;1.14381829E-04;-4.52830058E-08
1.17000000E+00;1.18044754E-04;4.06207540E-07
1.17250000E+00;1.20567776E-04;1.89168643E-07
1.17500000E+00;1.21895063E-04;1.58895433E-07
1.17750000E+00;1.21481559E-04;-1.80596869E-07
1.18000000E+00;1.19806876E-04;1.43790179E-07
1.18250000E+00;1.17197229E-04;-7.38129938E-08
1.18500000E+00;1.12460885E-04;1.71978859E-07
1.18750000E+00;1.07067860E-04;8.58117457E-08
1.19000000E+00;1.00027664E-04;8.20545481E-08
1.19250000E+00;9.25231498E-05;2.89681318E-07
1.19500000E+00;8.45572928E-05;1.88293730E-07
1.19750000E+00;7.66684353E-05;1.50447750E-07
1.20000000E+00;6.89977734E-05;6.17855814E-08
1.20250000E+00;6.23532063E-05;3.76725618E-08
1.20500000E+00;5.59429028E-05;-4.16234930E-08
1.20750000E+00;5.13607260E-05;-2.16072701E-08
1.21000000E+00;4.73042687E-05;-2.02859819E-08
1.21250000E+00;4.50481369E-05;1.74245784E-08
1.21500000E+00;4.46142569E-05;3.91491373E-08
1.21750000E+00;4.67887082E-05;1.95381709E-08
1.22000000E+00;5.11217207E-05;-1.92014006E-08
1.22250000E+00;5.68901533E-05;-4.02011097E-08
1.22500000E+00;6.34348123E-05;1.99976709E-08
1.22750000E+00;7.06134165E-05;1.88619418E-08
1.23000000E+00;7.73304223E-05;1.89706084E-07
1.23250000E+00;8.16120549E-05;1.99055897E-07
1.23500000E+00;8.31150927E-05;-3.01259718E-08
1.23750000E+00;8.30785889E-05;2.36732510E-07
1.24000000E+00;8.12070459E-05;2.13079886E-07
1.24250000E+00;7.83830283E-05;6.06504537E-08
1.24500000E+00;7.42254416E-05;6.30127442E-08
1.24750000E+00;6.90113906E-05;1.81134265E-07
1.25000000E+00;6.34486504E-05;-9.74994904E-08
1.25250000E+00;5.75980770E-05;-5.49189767E-08
1.25500000E+00;5.13652120E-05;-1.10578212E-07
1.25750000E+00;4.56974501E-05;9.54015191E-09
1.26000000E+00;4.03432517E-05;-1.86710180E-08
1.26250000E+00;3.70195469E-05;1.56402436E-08
1.26500000E+00;3.21461292E-05;1.24495034E-08
1.26750000E+00;2.85565524E-05;-6.87025800E-08
1.27000000E+00;2.52454286E-05;-3.14998108E-08
1.27250000E+00;2.24642917E-05;1.69552152E-08
1.27500000E+00;2.01331246E-05;-4.38850047E-08
1.27750000E+00;1.83276270E-05;-1.56254343E-08
1.28000000E+00;1.70945200E-05;-1.33703581E-08
1.28250000E+00;1.65959865E-05;-3.43180034E-08
1.28500000E+00;1.68681118E-05;-2.08447017E-08
1.28750000E+00;1.79408299E-05;-3.20847335E-09
1.29000000E+00;2.00164373E-05;4.04789650E-08
1.29250000E+00;2.29171034E-05;-4.79381438E-09
1.29500000E+00;2.66240197E-05;2.39365927E-08
1.29750000E+00;3.04777122E-05;-2.67444527E-08
1.30000000E+00;3.41189554E-05;-1.18502951E-08
1.30250000E+00;3.74666586E-05;-7.75094831E-08
1.30500000E+00;4.01618774E-05;-5.60612135E-08
1.30750000E+00;4.22393563E-05;-4.70402559E-09
1.31000000E+00;4.35626189E-05;5.11932155E-08
1.31250000E+00;4.40988883E-05;-2.09782918E-08
1.31500000E+00;4.39497692E-05;-1.18308511E-07
1.31750000E+00;4.35687858E-05;4.25668304E-08
1.32000000E+00;4.30525481E-05;-3.37666181E-09
1.32250000E+00;4.25893482E-05;-2.51176432E-08
1.32500000E+00;4.19852739E-05;-1.67470499E-08
1.32750000E+00;4.16086924E-05;4.27102722E-08
1.33000000E+00;4.12613433E-05;2.81359727E-08
1.33250000E+00;4.10834945E-05;3.43826490E-09
1.33500000E+00;4.14440324E-05;7.87097280E-09
1.33750000E+00;4.20218556E-05;-4.35933013E-08
1.34000000E+00;4.30092118E-05;1.57072447E-08
1.34250000E+00;4.39347437E-05;5.08475341E-08
1.34500000E+00;4.57315711E-05;-8.26270228E-09
1.34750000E+00;4.80670199E-05;4.78666265E-08
1.35000000E+00;5.12228128E-05;2.62401340E-08
1.35250000E+00;5.50408402E-05;-5.60591576E-08
1.35500000E+00;5.91019139E-05;3.83422899E-08
1.35750000E+00;6.40495775E-05;-1.85351568E-08
1.36000000E+00;7.09394784E-05;6.74997662E-08
1.36250000E+00;7.93666146E-05;-1.52512684E-08
1.36500000E+00;8.77364092E-05;1.71283097E-07
1.36750000E+00;9.57084081E-05;3.12317348E-08
1.37000000E+00;1.03029082E-04;1.85959424E-07
1.37250000E+00;1.10069421E-04;2.70747032E-07
1.37500000E+00;1.15655467E-04;1.45857570E-07
1.37750000E+00;1.20395060E-04;5.23848257E-09
1.38000000E+00;1.24561481E-04;1.06369174E-07
1.38250000E+00;1.27100338E-04;4.75324015E-07
1.38500000E+00;1.28723559E-04;7.73298630E-08
1.38750000E+00;1.29027656E-04;1.04953654E-07
1.39000000E+00;1.27907191E-04;3.43040570E-07
1.39250000E+00;1.25146519E-04;-7.11708377E-08
1.39500000E+00;1.20809547E-04;-9.34475121E-08
1.39750000E+00;1.15484184E-04;1.95999784E-08
1.40000000E+00;1.09293014E-04;1.66288490E-07
1.40250000E+00;1.01430252E-04;9.16298088E-08
1.40500000E+00;9.35144414E-05;5.90317915E-08
1.40750000E+00;8.58350741E-05;2.01898556E-07
1.41000000E+00;7.71601766E-05;1.16282174E-07
1.41250000E+00;6.89992318E-05;4.84913038E-10
1.41500000E+00;6.12285578E-05;-1.76568939E-09
1.41750000E+00;5.41088749E-05;-1.29841496E-09
1.42000000E+00;4.77269347E-05;-4.15705504E-08
1.42250000E+00;4.24827980E-05;-3.14761633E-08
1.42500000E+00;3.83759795E-05;1.79903539E-08
1.42750000E+00;3.56240598E-05;4.99178974E-08
1.43000000E+00;3.40022975E-05;4.55304362E-08
1.43250000E+00;3.34383962E-05;-1.03221237E-09
1.43500000E+00;3.37867468E-05;3.91764413E-09
1.43750000E+00;3.54170044E-05;6.47694354E-08
1.44000000E+00;3.78787455E-05;-2.13104257E-09
1.44250000E+00;4.14184665E-05;4.56249465E-08
1.44500000E+00;4.64256198E-05;-5.55450776E-09
1.44750000E+00;5.13204136E-05;3.03703933E-08
1.45000000E+00;5.69275049E-05;-1.13487938E-07
1.45250000E+00;6.32741732E-05;1.06510020E-07
1.45500000E+00;6.99884941E-05;3.30821221E-08
1.45750000E+00;7.57956065E-05;2.36458611E-07
1.46000000E+00;8.02318293E-05;5.57274352E-08
1.46250000E+00;8.31906609E-05;8.72047763E-09
1.46500000E+00;8.55909936E-05;2.34188282E-07
1.46750000E+00;8.68228180E-05;-8.87251612E-09
1.47000000E+00;8.66678606E-05;-5.19186824E-08
1.47250000E+00;8.63387413E-05;1.06743485E-07
1.47500000E+00;8.44536385E-05;2.27575996E-07
1.47750000E+00;8.21956023E-05;1.29250304E-07
1.48000000E+00;7.93774848E-05;1.31686710E-07
1.48250000E+00;7.58844256E-05;1.49331313E-07
1.48500000E+00;7.19085475E-05;8.05054379E-08
1.48750000E+00;6.74384123E-05;1.05467607E-07
1.49000000E+00;6.30233030E-05;4.39517974E-08
1.49250000E+00;5.83851072E-05;-6.96580339E-08
1.49500000E+00;5.34451129E-05;-1.64513619E-08
1.49750000E+00;4.85958355E-05;-6.00338066E-08
1.50000000E+00;4.43186227E-05;-3.10269998E-08
1.50250000E+00;3.98272896E-05;4.82536499E-08
1.50500000E+00;3.54277545E-05;1.36807307E-08
1.50750000E+00;3.17210638E-05;-7.73624517E-08
1.51000000E+00;2.82637446E-05;-2.10237373E-08
1.51250000E+00;2.52343275E-05;-1.43753311E-08
1.51500000E+00;2.24026511E-05;2.50349624E-10
1.51750000E+00;1.97091943E-05;-1.29467114E-08
1.52000000E+00;1.74704821E-05;-2.55452483E-08
1.52250000E+00;1.54088122E-05;-3.49414128E-08
1.52500000E+00;1.36021513E-05;-2.67945523E-08
1.52750000E+00;1.20149037E-05;-1.35707918E-08
1.53000000E+00;1.07969133E-05;-2.16558375E-08
1.53250000E+00;9.68472122E-06;-8.15096874E-09
1.53500000E+00;8.85874784E-06;-1.73360831E-08
1.53750000E+00;8.32199021E-06;-2.96380698E-08
1.54000000E+00;8.09070707E-06;-2.12942225E-08
1.54250000E+00;8.31291624E-06;-2.66250600E-08
1.54500000E+00;8.98264152E-06;-2.13794683E-08
1.54750000E+00;1.02183632E-05;-2.08690433E-08
1.55000000E+00;1.20048835E-05;-1.90946457E-08
1.55250000E+00;1.43390032E-05;-1.21696450E-09
1.55500000E+00;1.70685858E-05;2.10475766E-08
1.55750000E+00;2.01859558E-05;1.10613412E-09
1.56000000E+00;2.34150040E-05;1.64458902E-08
1.56250000E+00;2.66250740E-05;3.97069835E-09
1.56500000E+00;2.98450785E-05;2.81803437E-08
1.56750000E+00;3.29003769E-05;4.07109721E-08
1.57000000E+00;3.53045952E-05;-3.21860391E-08
1.57250000E+00;3.71692821E-05;5.33662925E-08
1.57500000E+00;3.88307913E-05;4.51696116E-08
1.57750000E+00;3.99231378E-05;8.16085532E-08
1.58000000E+00;4.08562441E-05;4.86989612E-08
1.58250000E+00;4.13927750E-05;-2.98541944E-08
1.58500000E+00;4.16805613E-05;-4.51802638E-08
1.58750000E+00;4.17211681E-05;-1.05822111E-07
1.59000000E+00;4.14687814E-05;3.95428344E-08
1.59250000E+00;4.10516009E-05;7.61800500E-08
1.59500000E+00;4.07810623E-05;3.16113243E-09
1.59750000E+00;4.03225539E-05;2.52527061E-08
1.60000000E+00;3.99273684E-05;-3.91641393E-08
1.60250000E+00;3.95078289E-05;5.90141298E-08
1.60500000E+00;3.93322194E-05;7.37149077E-08
1.60750000E+00;3.93970790E-05;3.63606321E-08
1.61000000E+00;3.97196869E-05;3.78508372E-08
1.61250000E+00;4.03922455E-05;-1.48687212E-08
1.61500000E+00;4.14490902E-05;7.43313926E-09
1.61750000E+00;4.27269236E-05;-1.77669639E-08
1.62000000E+00;4.43037728E-05;6.66943320E-08
1.62250000E+00;4.62298228E-05;1.14649948E-07
1.62500000E+00;4.83392198E-05;-3.75321907E-08
1.62750000E+00;5.08634442E-05;-4.50398486E-08
1.63000000E+00;5.36431523E-05;-1.06034039E-08
1.63250000E+00;5.65668126E-05;8.95094651E-08
1.63500000E+00;5.95750971E-05;6.04294224E-08
1.63750000E+00;6.29369894E-05;4.26713523E-08
1.64000000E+00;6.63624963E-05;3.35213945E-08
1.64250000E+00;6.97248209E-05;9.06358776E-09
1.64500000E+00;7.28728580E-05;2.30876810E-07
1.64750000E+00;7.62423663E-05;6.12021506E-08
1.65000000E+00;7.93834893E-05;3.22625242E-08
1.65250000E+00;8.23770790E-05;4.61629608E-08
1.65500000E+00;8.53074074E-05;1.66336376E-07
1.65750000E+00;8.78957604E-05;-8.18114363E-08
1.66000000E+00;9.03261979E-05;3.07907659E-07
1.66250000E+00;9.27691053E-05;2.55757279E-07
1.66500000E+00;9.59530737E-05;1.20557079E-07
1.66750000E+00;9.91810659E-05;2.09284961E-07
1.67000000E+00;1.01843858E-04;2.99332226E-08
1.67250000E+00;1.03906199E-04;2.30450121E-07
1.67500000E+00;1.05628352E-04;1.22748977E-07
1.67750000E+00;1.06292931E-04;-1.64982140E-07
1.68000000E+00;1.06126978E-04;9.70316655E-08
1.68250000E+00;1.05594407E-04;2.86960643E-07
1.68500000E+00;1.04365998E-04;1.14671198E-07
1.68750000E+00;1.02874304E-04;1.97618198E-07
1.69000000E+00;1.01344947E-04;1.30465643E-07
1.69250000E+00;9.87844566E-05;-1.27933813E-07
1.69500000E+00;9.69000842E-05;7.36803343E-08
1.69750000E+00;9.44132183E-05;-1.07585853E-08
1.70000000E+00;9.20105259E-05;1.92754397E-07
1.70250000E+00;8.92976392E-05;-2.05194518E-08
1.70500000E+00;8.64046128E-05;-3.27125299E-08
1.70750000E+00;8.35348482E-05;2.25765878E-08
1.71000000E+00;8.06305007E-05;2.10360496E-08
1.71250000E+00;7.76285380E-05;1.23218303E-07
1.71500000E+00;7.45337650E-05;7.44842006E-08
1.71750000E+00;7.14503913E-05;1.80016054E-07
1.72000000E+00;6.81625460E-05;-1.14035699E-07
1.72250000E+00;6.50335591E-05;-8.28559713E-08
1.72500000E+00;6.16851437E-05;-6.35396057E-08
1.72750000E+00;5.86573997E-05;-1.21677509E-10
1.73000000E+00;5.55734146E-05;2.46547079E-08
1.73250000E+00;5.24250194E-05;-1.07621012E-08
1.73500000E+00;4.92353655E-05;8.13849472E-08
1.73750000E+00;4.64016929E-05;3.90393293E-08
1.74000000E+00;4.36618588E-05;-4.26340386E-08
1.74250000E+00;4.11448239E-05;2.73745322E-08
1.74500000E+00;3.88800716E-05;1.99727781E-08
1.74750000E+00;3.73510171E-05;3.34537547E-08
1.75000000E+00;3.58513077E-05;3.09255689E-08
1.75250000E+00;3.46256300E-05;3.54460943E-08
1.75500000E+00;3.37177416E-05;2.67625975E-08
1.75750000E+00;3.30193045E-05;3.55532899E-08
1.76000000E+00;3.26091721E-05;5.26493025E-08
1.76250000E+00;3.25252977E-05;-6.63284005E-08
1.76500000E+00;3.29350416E-05;1.34877639E-08
1.76750000E+00;3.41917633E-05;6.51378912E-08
1.77000000E+00;3.58892567E-05;-3.93408830E-08
1.77250000E+00;3.83722127E-05;8.67484701E-08
1.77500000E+00;4.11397263E-05;4.77350743E-08
1.77750000E+00;4.45434436E-05;-7.28959166E-09
1.78000000E+00;4.83360371E-05;1.18151857E-07
1.78250000E+00;5.24204019E-05;-3.97230713E-09
1.78500000E+00;5.62022755E-05;2.77510455E-08
1.78750000E+00;5.97951120E-05;1.52831322E-07
1.79000000E+00;6.28963321E-05;-3.68933014E-08
1.79250000E+00;6.59544550E-05;2.99937302E-07
1.79500000E+00;6.88089241E-05;1.32343266E-07
1.79750000E+00;7.17406285E-05;6.20083332E-08
1.80000000E+00;7.41371697E-05;6.03077778E-08
1.80250000E+00;7.62049977E-05;-4.35790620E-08
1.80500000E+00;7.80314452E-05;1.24408895E-07
1.80750000E+00;7.96929771E-05;4.99206682E-08
1.81000000E+00;8.10473412E-05;8.97591538E-08
1.81250000E+00;8.21243528E-05;5.71286950E-08
1.81500000E+00;8.26128473E-05;6.87600341E-08
1.81750000E+00;8.24973998E-05;-1.24252376E-08
1.82000000E+00;8.22360932E-05;2.06504474E-07
1.82250000E+00;8.17492763E-05;5.03806193E-08
1.82500000E+00;8.08082038E-05;1.08802058E-08
1.82750000E+00;7.95820575E-05;1.62305687E-07
1.83000000E+00;7.81852850E-05;1.08975726E-07
1.83250000E+00;7.62365643E-05;-2.85650111E-08
1.83500000E+00;7.41829334E-05;1.13382848E-07
1.83750000E+00;7.19904610E-05;2.31064758E-08
1.84000000E+00;6.92075995E-05;3.89820516E-08
1.84250000E+00;6.68271581E-05;2.07011528E-07
1.84500000E+00;6.38248814E-05;2.27952973E-09
1.84750000E+00;6.08427876E-05;2.62332809E-08
1.85000000E+00;5.76097286E-05;-4.97709994E-08
1.85250000E+00;5.43707117E-05;1.08503781E-07
1.85500000E+00;5.10267107E-05;1.14224760E-07
1.85750000E+00;4.72090937E-05;-4.28279710E-08
1.86000000E+00;4.41952054E-05;1.15958266E-08
1.86250000E+00;4.10235695E-05;-7.91832515E-10
1.86500000E+00;3.78810538E-05;-1.15941360E-08
1.86750000E+00;3.49815463E-05;3.18942747E-08
1.87000000E+00;3.22762761E-05;-3.61763890E-08
1.87250000E+00;2.96575745E-05;-1.24218695E-08
1.87500000E+00;2.70641764E-05;3.03694812E-08
1.87750000E+00;2.46777077E-05;-6.01659869E-08
1.88000000E+00;2.22803859E-05;-3.27083431E-08
1.88250000E+00;2.02795080E-05;-1.16452897E-09
1.88500000E+00;1.83559777E-05;-6.07372728E-10
1.88750000E+00;1.65985017E-05;-3.34233767E-08
1.89000000E+00;1.49343682E-05;-1.70914690E-08
1.89250000E+00;1.34055143E-05;7.07666355E-10
1.89500000E+00;1.20482083E-05;-1.75433805E-08
1.89750000E+00;1.07889328E-05;-1.60725033E-08
1.90000000E+00;9.60857809E-06;-2.93775395E-09
1.90250000E+00;8.59523269E-06;-2.19481117E-08
1.90500000E+00;7.66390040E-06;-2.31379405E-08
1.90750000E+00;6.79405623E-06;-1.62148347E-08
1.91000000E+00;6.02270397E-06;-2.12531386E-08
1.91250000E+00;5.35088202E-06;-3.27766507E-08
1.91500000E+00;4.78355669E-06;-2.97432266E-08
1.91750000E+00;4.33174782E-06;-3.21216308E-08
1.92000000E+00;3.97530111E-06;-2.18154490E-08
1.92250000E+00;3.73102587E-06;-2.35509404E-08
1.92500000E+00;3.61884989E-06;-3.44970624E-08
1.92750000E+00;3.62322640E-06;-2.37545526E-08
1.93000000E+00;3.88314796E-06;-2.35059525E-08
1.93250000E+00;4.31015847E-06;-2.96600060E-08
1.93500000E+00;5.05285717E-06;-2.09239051E-08
1.93750000E+00;5.93556606E-06;-2.70689806E-08
1.94000000E+00;7.13290853E-06;-1.63242991E-08
1.94250000E+00;8.51654915E-06;-1.33209853E-08
1.94500000E+00;1.01015243E-05;-1.96953372E-08
1.94750000E+00;1.19416453E-05;-1.22419875E-08
1.95000000E+00;1.38939566E-05;-1.89449770E-08
1.95250000E+00;1.58931400E-05;4.15340118E-09
1.95500000E+00;1.79509694E-05;-2.15796940E-08
1.95750000E+00;2.00232390E-05;3.29403769E-09
1.96000000E+00;2.18613294E-05;-3.24458568E-08
1.96250000E+00;2.36287515E-05;-1.06542104E-08
1.96500000E+00;2.52802756E-05;-1.03740435E-08
1.96750000E+00;2.67545608E-05;5.54939480E-08
1.97000000E+00;2.82320118E-05;2.78526178E-08
1.97250000E+00;2.93481935E-05;-1.67757486E-08
1.97500000E+00;3.04841195E-05;1.12931797E-08
1.97750000E+00;3.14564793E-05;-5.22498851E-08
1.98000000E+00;3.23979587E-05;-5.78680720E-08
1.98250000E+00;3.31835964E-05;-2.19016497E-08
1.98500000E+00;3.38556052E-05;1.71179682E-08
1.98750000E+00;3.46094224E-05;3.32487845E-08
1.99000000E+00;3.52161516E-05;-1.77906237E-08
1.99250000E+00;3.58886848E-05;4.87589572E-08
1.99500000E+00;3.64700464E-05;5.54165373E-08
1.99750000E+00;3.70624152E-05;3.56874392E-08
2.00000000E+00;3.76259249E-05;-9.13126650E-09
2.00250000E+00;3.81815373E-05;6.17183490E-08
2.00500000E+00;3.85771050E-05;-2.44815264E-08
2.00750000E+00;3.89973280E-05;-5.72778497E-08
2.01000000E+00;3.93598233E-05;8.71276977E-08
2.01250000E+00;3.98585164E-05;8.51168368E-09
2.01500000E+00;4.02699431E-05;-6.15658214E-10
2.01750000E+00;4.07228573E-05;-6.76549224E-09
2.02000000E+00;4.10846086E-05;2.06326399E-08
2.02250000E+00;4.16938184E-05;8.23321109E-09
2.02500000E+00;4.24198393E-05;5.82840712E-08
2.02750000E+00;4.28784381E-05;-2.88289971E-08
2.03000000E+00;4.36019554E-05;-2.60034567E-10
2.03250000E+00;4.45306648E-05;-5.24630123E-08
2.03500000E+00;4.54559077E-05;-1.02193200E-08
2.03750000E+00;4.63787176E-05;-9.47799493E-08
2.04000000E+00;4.75876204E-05;6.40574898E-08
2.04250000E+00;4.87233648E-05;-1.70583683E-08
2.04500000E+00;5.00014991E-05;3.58128489E-08
2.04750000E+00;5.15394501E-05;7.86537315E-08
2.05000000E+00;5.30976127E-05;-6.98664695E-09
2.05250000E+00;5.49352904E-05;2.16138199E-08
2.05500000E+00;5.67401305E-05;9.70644884E-08
2.05750000E+00;5.85135932E-05;4.14687070E-08
2.06000000E+00;6.03952060E-05;-1.04126997E-08
2.06250000E+00;6.23075149E-05;3.67433800E-08
2.06500000E+00;6.41803049E-05;6.44373734E-08
2.06750000E+00;6.59966515E-05;7.22258400E-08
2.07000000E+00;6.78412121E-05;2.92406362E-08
2.07250000E+00;6.95172273E-05;7.01203244E-09
2.07500000E+00;7.13411734E-05;4.82267959E-10
2.07750000E+00;7.30174913E-05;2.59321562E-08
2.08000000E+00;7.44700536E-05;9.10329456E-08
2.08250000E+00;7.59460810E-05;1.01424699E-07
2.08500000E+00;7.72798002E-05;-7.60474867E-08
2.08750000E+00;7.85751808E-05;6.63085556E-08
2.09000000E+00;7.97277671E-05;9.49226060E-08
2.09250000E+00;8.09093587E-05;1.06823614E-07
2.09500000E+00;8.14409847E-05;1.38062953E-07
2.09750000E+00;8.21531248E-05;-9.83880760E-09
2.10000000E+00;8.26778656E-05;1.48460069E-07
2.10250000E+00;8.32077244E-05;-3.12566069E-08
2.10500000E+00;8.32262518E-05;1.13092633E-07
2.10750000E+00;8.32347272E-05;1.57255641E-07
2.11000000E+00;8.26695825E-05;1.08531630E-08
2.11250000E+00;8.22596748E-05;1.04187613E-07
2.11500000E+00;8.17203338E-05;-1.84951226E-08
2.11750000E+00;8.10603450E-05;1.35056141E-08
2.12000000E+00;8.00592090E-05;7.77846412E-08
2.12250000E+00;7.89396661E-05;-1.60970991E-07
2.12500000E+00;7.76061694E-05;-3.99473247E-09
2.12750000E+00;7.64247379E-05;1.42204859E-07
2.13000000E+00;7.49236489E-05;2.17030830E-08
2.13250000E+00;7.33257539E-05;-4.11477806E-08
2.13500000E+00;7.17776495E-05;-1.48940793E-07
2.13750000E+00;7.00901286E-05;-6.66444816E-08
2.14000000E+00;6.85880296E-05;9.35790738E-08
2.14250000E+00;6.70239379E-05;1.24844863E-07
2.14500000E+00;6.55690026E-05;1.22115709E-07
2.14750000E+00;6.41326465E-05;4.86112658E-08
2.15000000E+00;6.27696105E-05;-1.17948374E-08
2.15250000E+00;6.14861528E-05;7.76358403E-08
2.15500000E+00;5.99151542E-05;2.06334768E-08
2.15750000E+00;5.83480234E-05;-4.84455554E-09
2.16000000E+00;5.68617985E-05;-1.01568889E-07
2.16250000E+00;5.50445093E-05;5.49955458E-08
2.16500000E+00;5.35312987E-05;1.43987326E-08
2.16750000E+00;5.18098319E-05;-8.16565952E-08
2.17000000E+00;5.02800659E-05;6.43782800E-08
2.17250000E+00;4.85870491E-05;-1.17796126E-08
2.17500000E+00;4.71236899E-05;8.58228421E-09
2.17750000E+00;4.57262424E-05;2.70116666E-08
2.18000000E+00;4.44107873E-05;5.41560957E-08
2.18250000E+00;4.30342890E-05;-2.09962171E-08
2.18500000E+00;4.17415681E-05;2.14691627E-08
2.18750000E+00;4.05499273E-05;4.39520957E-08
2.19000000E+00;3.93997581E-05;4.06599222E-08
2.19250000E+00;3.83654191E-05;-4.03207672E-08
2.19500000E+00;3.72017592E-05;5.26978281E-08
2.19750000E+00;3.63142820E-05;2.43398621E-08
2.20000000E+00;3.53583447E-05;3.66572421E-08
2.20250000E+00;3.43868554E-05;-4.14975484E-09
2.20500000E+00;3.34074198E-05;-3.65858084E-08
2.20750000E+00;3.26137454E-05;4.39485590E-08
2.21000000E+00;3.18562476E-05;7.31592261E-08
2.21250000E+00;3.11616981E-05;-6.86385749E-08
2.21500000E+00;3.05041184E-05;-4.52079023E-08
2.21750000E+00;3.00007154E-05;-3.19333259E-08
2.22000000E+00;2.94564825E-05;-1.09331091E-08
2.22250000E+00;2.90388509E-05;4.14882696E-08
2.22500000E+00;2.86355238E-05;3.24602227E-09
2.22750000E+00;2.83147315E-05;-2.16966843E-08
2.23000000E+00;2.80041756E-05;-3.72078923E-08
2.23250000E+00;2.77875362E-05;4.42471888E-08
2.23500000E+00;2.77601335E-05;-6.19012012E-08
2.23750000E+00;2.76700562E-05;2.28158010E-08
2.24000000E+00;2.77851900E-05;2.01666238E-08
2.24250000E+00;2.78838369E-05;-1.04512610E-07
2.24500000E+00;2.81559143E-05;1.61703752E-08
2.24750000E+00;2.86073249E-05;5.88606451E-08
2.25000000E+00;2.90567258E-05;-3.53135266E-08
2.25250000E+00;2.94368738E-05;-2.01731900E-08
2.25500000E+00;2.98406080E-05;2.87937352E-09
2.25750000E+00;3.03137733E-05;5.34779908E-08
2.26000000E+00;3.08270232E-05;5.83167486E-08
2.26250000E+00;3.13528210E-05;7.03472701E-09
2.26500000E+00;3.18005069E-05;-1.00840291E-08
2.26750000E+00;3.23590533E-05;8.61673361E-08
2.27000000E+00;3.27578027E-05;-1.35833117E-08
2.27250000E+00;3.32832319E-05;-1.89360124E-09
2.27500000E+00;3.39440874E-05;-2.08449341E-08
2.27750000E+00;3.47901930E-05;7.56344691E-08
2.28000000E+00;3.57640115E-05;1.35830279E-08
2.28250000E+00;3.70023685E-05;1.03424028E-08
2.28500000E+00;3.81257888E-05;2.81544686E-08
2.28750000E+00;3.94489527E-05;1.44071021E-08
2.29000000E+00;4.07733507E-05;-1.81319638E-08
2.29250000E+00;4.22503945E-05;7.72425053E-08
2.29500000E+00;4.39856459E-05;6.44700799E-08
2.29750000E+00;4.55801379E-05;-6.88524062E-09
2.30000000E+00;4.69161031E-05;-1.83120327E-08
2.30250000E+00;4.83582944E-05;2.94247148E-08
2.30500000E+00;4.95255691E-05;1.46290888E-08
2.30750000E+00;5.07631645E-05;7.64980506E-08
2.31000000E+00;5.19876955E-05;8.73319066E-09
2.31250000E+00;5.30227128E-05;7.92598950E-08
2.31500000E+00;5.40608724E-05;-1.14504462E-08
2.31750000E+00;5.50761435E-05;1.26693474E-07
2.32000000E+00;5.62674587E-05;4.19954973E-08
2.32250000E+00;5.72502685E-05;7.17822189E-08
2.32500000E+00;5.83155581E-05;-4.79152560E-08
2.32750000E+00;5.91578867E-05;1.68012432E-07
2.33000000E+00;6.01353301E-05;5.40830389E-08
2.33250000E+00;6.11106119E-05;-1.87982684E-08
2.33500000E+00;6.17842181E-05;1.13853352E-07
2.33750000E+00;6.25629893E-05;8.74074981E-08
2.34000000E+00;6.31790301E-05;2.12234406E-08
2.34250000E+00;6.39487741E-05;1.35204842E-08
2.34500000E+00;6.43341012E-05;1.29905278E-07
2.34750000E+00;6.47808100E-05;5.99307321E-08
2.35000000E+00;6.52631942E-05;4.61579597E-08
2.35250000E+00;6.57117259E-05;-5.31290444E-09
2.35500000E+00;6.62936193E-05;1.59601600E-07
2.35750000E+00;6.64821952E-05;1.62336939E-07
2.36000000E+00;6.67897193E-05;7.98286927E-08
2.36250000E+00;6.71167731E-05;1.42273098E-08
2.36500000E+00;6.71923546E-05;-1.81143648E-07
2.36750000E+00;6.72262638E-05;1.05108065E-07
2.37000000E+00;6.73301678E-05;6.97815349E-08
2.37250000E+00;6.71259840E-05;3.80633570E-09
2.37500000E+00;6.72285455E-05;6.39320172E-08
2.37750000E+00;6.69975869E-05;1.28100988E-07
2.38000000E+00;6.67464233E-05;-1.14752149E-08
2.38250000E+00;6.66753611E-05;6.47028627E-08
2.38500000E+00;6.63221661E-05;7.51671284E-09
2.38750000E+00;6.58650989E-05;1.66453534E-07
2.39000000E+00;6.53815532E-05;-1.95294697E-08
2.39250000E+00;6.49098540E-05;8.85886949E-08
2.39500000E+00;6.43308921E-05;8.82428472E-08
2.39750000E+00;6.35694722E-05;5.33933045E-08
2.40000000E+00;6.28401813E-05;2.02084133E-08
2.40250000E+00;6.20930567E-05;-2.48040768E-09
2.40500000E+00;6.14448662E-05;1.31768082E-07
2.40750000E+00;6.05974632E-05;7.65051974E-08
2.41000000E+00;5.97707148E-05;8.79773318E-09
2.41250000E+00;5.89262144E-05;2.31385669E-08
2.41500000E+00;5.78368201E-05;-6.42265730E-08
2.41750000E+00;5.70148525E-05;7.65752524E-08
2.42000000E+00;5.59198377E-05;1.75811699E-08
2.42250000E+00;5.47368896E-05;3.65242708E-09
2.42500000E+00;5.35145682E-05;1.64981207E-07
2.42750000E+00;5.23376022E-05;-5.23932206E-09
2.43000000E+00;5.10874278E-05;5.37491258E-09
2.43250000E+00;4.98446863E-05;1.03851532E-08
2.43500000E+00;4.85586738E-05;-4.99194647E-08
2.43750000E+00;4.72384365E-05;4.16497259E-08
2.44000000E+00;4.59820653E-05;-5.85937179E-08
2.44250000E+00;4.46289582E-05;1.22677287E-07
2.44500000E+00;4.30960046E-05;4.13834137E-08
2.44750000E+00;4.15671523E-05;-8.01511378E-09
2.45000000E+00;4.02438639E-05;3.77127643E-09
2.45250000E+00;3.88645275E-05;-3.81667306E-11
2.45500000E+00;3.75377941E-05;4.63796338E-08
2.45750000E+00;3.63712388E-05;-1.46151414E-08
2.46000000E+00;3.50378733E-05;-1.29526887E-07
2.46250000E+00;3.36346468E-05;8.51042774E-09
2.46500000E+00;3.22250186E-05;3.26365108E-08
2.46750000E+00;3.07809611E-05;1.89328248E-08
2.47000000E+00;2.94459748E-05;-1.06218925E-08
2.47250000E+00;2.82129207E-05;3.39643627E-08
2.47500000E+00;2.69365001E-05;-9.00704294E-09
2.47750000E+00;2.57281382E-05;-1.59091920E-08
2.48000000E+00;2.45633746E-05;-6.89914063E-09
2.48250000E+00;2.33238703E-05;7.11129058E-09
2.48500000E+00;2.20337997E-05;-1.55156237E-08
2.48750000E+00;2.08284542E-05;-1.54280966E-08
2.49000000E+00;1.96794243E-05;-3.84992957E-08
2.49250000E+00;1.85103423E-05;-2.14568777E-08
2.49500000E+00;1.73310856E-05;6.11531230E-09
2.49750000E+00;1.62819727E-05;2.96933793E-08
2.50000000E+00;1.52517521E-05;4.53472853E-09
2.50250000E+00;1.43446839E-05;-1.31596402E-08
2.50500000E+00;1.34443605E-05;-2.11118280E-08
2.50750000E+00;1.24784883E-05;-1.97214186E-08
2.51000000E+00;1.16346873E-05;-1.84203498E-08
2.51250000E+00;1.07744620E-05;-1.22379960E-08
2.51500000E+00;9.97794063E-06;-9.65884870E-09
2.51750000E+00;9.23464386E-06;-5.99579502E-09
2.52000000E+00;8.47068196E-06;-1.53825341E-08
2.52250000E+00;7.87029057E-06;-2.99099825E-08
2.52500000E+00;7.25822644E-06;-1.75112635E-08
2.52750000E+00;6.69220616E-06;-1.66541413E-08
2.53000000E+00;6.07939078E-06;-1.69622582E-08
2.53250000E+00;5.55241203E-06;-1.06196655E-08
2.53500000E+00;5.06279475E-06;-2.41691966E-08
2.53750000E+00;4.56890335E-06;-7.17386343E-09
2.54000000E+00;4.12541731E-06;-1.29376531E-08
2.54250000E+00;3.71177155E-06;-1.65916626E-08
2.54500000E+00;3.32619514E-06;-2.04345532E-08
2.54750000E+00;2.97688444E-06;-7.61857836E-09
2.55000000E+00;2.67034109E-06;-2.22492777E-08
2.55250000E+00;2.38019365E-06;-1.26460314E-08
2.55500000E+00;2.14673204E-06;-1.45830438E-08
2.55750000E+00;1.94791195E-06;-1.14907021E-08
2.56000000E+00;1.77231578E-06;-1.61923879E-08
2.56250000E+00;1.60768167E-06;-1.71063218E-08
2.56500000E+00;1.50079733E-06;-1.91787584E-08
2.56750000E+00;1.44704379E-06;-2.05035835E-08
2.57000000E+00;1.51613710E-06;-2.02413026E-08
2.57250000E+00;1.64661971E-06;-1.81985972E-08
2.57500000E+00;1.85766107E-06;-2.30979480E-08
2.57750000E+00;2.15883218E-06;-2.32152427E-08
2.58000000E+00;2.54463971E-06;-2.22990966E-08
2.58250000E+00;3.08316323E-06;-1.59862486E-08
2.58500000E+00;3.58759448E-06;-1.96065396E-08
2.58750000E+00;4.22678036E-06;-1.79040006E-08
2.59000000E+00;4.91290334E-06;-1.70225217E-08
2.59250000E+00;5.56628773E-06;-1.32193411E-08
2.59500000E+00;6.33663176E-06;-1.68578753E-08
2.59750000E+00;7.12698286E-06;-2.07326690E-08
2.60000000E+00;7.94592381E-06;-1.06607680E-08
2.60250000E+00;8.84148337E-06;-9.02693380E-09
2.60500000E+00;9.85689263E-06;-3.55092876E-09
2.60750000E+00;1.08615091E-05;-2.44247095E-08
2.61000000E+00;1.17933582E-05;-7.69000761E-09
2.61250000E+00;1.27984498E-05;-8.83073999E-09
2.61500000E+00;1.36004975E-05;-6.83667906E-09
2.61750000E+00;1.43348149E-05;-4.50549375E-09
2.62000000E+00;1.49771495E-05;-1.62917369E-08
2.62250000E+00;1.56427462E-05;-3.06349722E-10
2.62500000E+00;1.62209699E-05;-8.09016537E-09
2.62750000E+00;1.67711692E-05;-5.24815859E-09
2.63000000E+00;1.72832480E-05;-2.35487006E-09
2.63250000E+00;1.77818472E-05;-1.10434118E-08
2.63500000E+00;1.81921197E-05;4.47028825E-09
2.63750000E+00;1.86495128E-05;5.98235248E-09
2.64000000E+00;1.90690020E-05;2.03992722E-08
2.64250000E+00;1.94543530E-05;1.29527905E-08
2.64500000E+00;1.98289814E-05;5.02871749E-09
2.64750000E+00;2.02243535E-05;-3.55164053E-08
2.65000000E+00;2.06535313E-05;-3.37227373E-09
2.65250000E+00;2.10146314E-05;3.94043374E-08
2.65500000E+00;2.14562608E-05;-2.29832371E-08
2.65750000E+00;2.18738678E-05;1.30981296E-09
2.66000000E+00;2.21912462E-05;-2.91831317E-08
2.66250000E+00;2.25187604E-05;1.69620775E-08
2.66500000E+00;2.28591326E-05;-2.69960925E-08
2.66750000E+00;2.32571365E-05;5.72007794E-09
2.67000000E+00;2.36223757E-05;-2.17772676E-08
2.67250000E+00;2.40632704E-05;3.09704826E-08
2.67500000E+00;2.45170534E-05;6.84084306E-08
2.67750000E+00;2.49581189E-05;-7.34448145E-08
2.68000000E+00;2.54698859E-05;-8.47316694E-09
2.68250000E+00;2.59466553E-05;-2.26239766E-09
2.68500000E+00;2.64493455E-05;-6.33177950E-09
2.68750000E+00;2.69650755E-05;-2.19234532E-08
2.69000000E+00;2.75718078E-05;-1.68832861E-08
2.69250000E+00;2.81630752E-05;-3.00294510E-08
2.69500000E+00;2.87815704E-05;3.08324449E-08
2.69750000E+00;2.94621731E-05;1.28199635E-08
2.70000000E+00;3.01959508E-05;2.54513667E-08
2.70250000E+00;3.08894714E-05;-2.26899433E-08
2.70500000E+00;3.17114931E-05;-2.63660376E-08
2.70750000E+00;3.24736899E-05;-3.73706645E-10
2.71000000E+00;3.33435693E-05;5.50066905E-09
2.71250000E+00;3.40957754E-05;-4.32551922E-09
2.71500000E+00;3.48844429E-05;3.95363532E-08
2.71750000E+00;3.56708374E-05;3.94995795E-08
2.72000000E+00;3.66002542E-05;-3.33062394E-08
2.72250000E+00;3.75203140E-05;7.18427594E-08
2.72500000E+00;3.86385624E-05;-2.31376502E-08
2.72750000E+00;3.97196083E-05;-2.06661465E-08
2.73000000E+00;4.08054821E-05;5.08345776E-08
2.73250000E+00;4.19644155E-05;-5.03688065E-08
2.73500000E+00;4.30202390E-05;-2.30285057E-08
2.73750000E+00;4.41617468E-05;-1.33401472E-08
2.74000000E+00;4.52793886E-05;6.68850210E-08
2.74250000E+00;4.65790831E-05;-2.63882488E-08
2.74500000E+00;4.78605308E-05;-4.76032675E-09
2.74750000E+00;4.88123903E-05;5.64055914E-09
2.75000000E+00;4.99576536E-05;-9.06987344E-08
2.75250000E+00;5.11282626E-05;-3.77714256E-08
2.75500000E+00;5.22365689E-05;1.16668468E-07
2.75750000E+00;5.32245482E-05;3.03417807E-08
2.76000000E+00;5.42595125E-05;1.46766676E-07
2.76250000E+00;5.52051877E-05;-3.87918021E-08
2.76500000E+00;5.62314725E-05;-4.68803292E-08
2.76750000E+00;5.70755530E-05;-1.21039826E-07
2.77000000E+00;5.80680866E-05;-4.08418502E-09
2.77250000E+00;5.88820047E-05;1.14305824E-07
2.77500000E+00;5.97326062E-05;6.18896875E-08
2.77750000E+00;6.05102500E-05;7.05736984E-08
2.78000000E+00;6.12300516E-05;-2.68192167E-08
2.78250000E+00;6.21549683E-05;7.97151660E-08
2.78500000E+00;6.26662709E-05;7.36123649E-08
2.78750000E+00;6.33977723E-05;1.49539654E-07
2.79000000E+00;6.39118941E-05;-2.39661207E-09
2.79250000E+00;6.46505798E-05;1.10981353E-07
2.79500000E+00;6.50060682E-05;-5.85159154E-08
2.79750000E+00;6.54489240E-05;1.42125219E-07
2.80000000E+00;6.58498666E-05;1.99022430E-07
2.80250000E+00;6.64059731E-05;-6.20707184E-08
2.80500000E+00;6.65912078E-05;4.43131913E-08
2.80750000E+00;6.69401038E-05;1.26903019E-07
2.81000000E+00;6.70292780E-05;9.57447076E-08
2.81250000E+00;6.74298089E-05;2.64911461E-08
2.81500000E+00;6.74971021E-05;8.92047474E-08
2.81750000E+00;6.76302527E-05;1.26106609E-07
2.82000000E+00;6.76925336E-05;-8.50552751E-08
2.82250000E+00;6.78255193E-05;1.30051544E-08
2.82500000E+00;6.77404102E-05;2.71800923E-08
2.82750000E+00;6.77331716E-05;5.44065389E-08
2.83000000E+00;6.75049883E-05;2.06474761E-09
2.83250000E+00;6.73780678E-05;4.97270432E-09
2.83500000E+00;6.73680930E-05;1.36759506E-07
2.83750000E+00;6.70393115E-05;-9.56864918E-08
2.84000000E+00;6.67857229E-05;-1.72275778E-08
2.84250000E+00;6.65809055E-05;3.45983103E-08
2.84500000E+00;6.61249835E-05;-7.20780904E-08
2.84750000E+00;6.57549888E-05;8.87941478E-09
2.85000000E+00;6.54639340E-05;-2.92741862E-08
2.85250000E+00;6.49351127E-05;-9.17053459E-08
2.85500000E+00;6.47110145E-05;3.23487254E-08
2.85750000E+00;6.40828292E-05;9.98354835E-08
2.86000000E+00;6.37621167E-05;8.34988867E-08
2.86250000E+00;6.32655877E-05;9.44971627E-08
2.86500000E+00;6.28222708E-05;1.37972968E-07
2.86750000E+00;6.23181319E-05;1.38486121E-07
2.87000000E+00;6.17828879E-05;-5.80569703E-08
2.87250000E+00;6.12135643E-05;3.28302302E-08
2.87500000E+00;6.06941559E-05;-1.29140127E-07
2.87750000E+00;6.03380795E-05;-1.14361314E-08
2.88000000E+00;5.95923315E-05;-4.27095758E-08
2.88250000E+00;5.91280627E-05;2.23494816E-08
2.88500000E+00;5.86201535E-05;6.66191044E-08
2.88750000E+00;5.79400902E-05;-3.48728960E-08
2.89000000E+00;5.72619742E-05;9.86943980E-08
2.89250000E+00;5.68297347E-05;2.20989095E-08
2.89500000E+00;5.61639626E-05;1.48303312E-07
2.89750000E+00;5.56710539E-05;1.38810545E-08
2.90000000E+00;5.51168037E-05;3.67657217E-08
2.90250000E+00;5.44823106E-05;1.36881885E-08
2.90500000E+00;5.39992294E-05;-4.18400346E-08
2.90750000E+00;5.34072737E-05;-5.11062391E-08
2.91000000E+00;5.29151839E-05;9.14124682E-08
2.91250000E+00;5.23716510E-05;2.91124284E-08
2.91500000E+00;5.16656621E-05;3.77493133E-08
2.91750000E+00;5.13038193E-05;-3.36756955E-09
2.92000000E+00;5.07094659E-05;1.35384956E-07
2.92250000E+00;5.01347391E-05;3.63990384E-08
2.92500000E+00;4.95660779E-05;-2.12211148E-08
2.92750000E+00;4.91029499E-05;-8.90371583E-08
2.93000000E+00;4.85060132E-05;1.70289043E-08
2.93250000E+00;4.79685252E-05;1.38587053E-07
2.93500000E+00;4.73612100E-05;5.50465812E-08
2.93750000E+00;4.68622355E-05;-2.60114480E-09
2.94000000E+00;4.61875893E-05;7.09421547E-08
2.94250000E+00;4.55814109E-05;6.44514234E-09
2.94500000E+00;4.50008608E-05;-4.41134563E-09
2.94750000E+00;4.44208040E-05;-3.40233173E-08
2.95000000E+00;4.38485837E-05;-1.11402174E-08
2.95250000E+00;4.32266895E-05;6.26718786E-08
2.95500000E+00;4.25990757E-05;2.06087482E-08
2.95750000E+00;4.20826425E-05;1.11383348E-07
2.96000000E+00;4.14664675E-05;-6.44759037E-09
2.96250000E+00;4.09099373E-05;1.67306444E-08
2.96500000E+00;4.02306525E-05;-2.84522454E-08
2.96750000E+00;3.95355414E-05;-4.70458078E-08
2.97000000E+00;3.90509778E-05;-7.15880505E-08
2.97250000E+00;3.83226626E-05;-2.12244644E-08
2.97500000E+00;3.77353854E-05;4.13474399E-08
2.97750000E+00;3.71068492E-05;-9.31952271E-08
2.98000000E+00;3.65206592E-05;1.75142126E-08
2.98250000E+00;3.58685186E-05;8.35056350E-10
2.98500000E+00;3.51950161E-05;5.24575198E-08
2.98750000E+00;3.46288237E-05;-8.63927138E-11
2.99000000E+00;3.40066768E-05;2.84330881E-08
2.99250000E+00;3.32562817E-05;4.62789268E-08
2.99500000E+00;3.26481121E-05;-6.64993511E-09
2.99750000E+00;3.20384615E-05;-1.77759646E-08
3.00000000E+00;3.13729717E-05;-4.64869141E-09
3.00500000E+00;3.00775831E-05;-4.97562936E-08
3.01000000E+00;2.86966266E-05;-1.18916548E-08
3.01500000E+00;2.72761774E-05;-1.95781807E-08
3.02000000E+00;2.57110627E-05;-5.02235706E-09
3.02500000E+00;2.43077323E-05;-1.03187234E-08
3.03000000E+00;2.28728505E-05;6.77652436E-09
3.03500000E+00;2.14665389E-05;1.29605592E-08
3.04000000E+00;2.01599383E-05;1.68425960E-08
3.04500000E+00;1.91078347E-05;-6.70501146E-09
3.05000000E+00;1.81080214E-05;-1.10296535E-08
3.05500000E+00;1.71826414E-05;8.40350060E-12
3.06000000E+00;1.64631780E-05;-7.89832673E-09
3.06500000E+00;1.57545544E-05;-2.18969082E-08
3.07000000E+00;1.51081967E-05;-2.00400936E-08
3.07500000E+00;1.46438355E-05;-3.99151071E-08
3.08000000E+00;1.42055726E-05;-1.14954579E-08
3.08500000E+00;1.37355881E-05;-2.92896856E-08
3.09000000E+00;1.32933104E-05;-3.71410504E-08
3.09500000E+00;1.30662806E-05;3.74824390E-09
3.10000000E+00;1.29605615E-05;-2.30798343E-08
3.10500000E+00;1.31052726E-05;-7.50056290E-09
3.11000000E+00;1.34120048E-05;-6.78913394E-09
3.11500000E+00;1.37754313E-05;-2.85733994E-08
3.12000000E+00;1.42681951E-05;-7.91812596E-09
3.12500000E+00;1.47013193E-05;-1.67957370E-09
3.13000000E+00;1.50467973E-05;-1.51923972E-08
3.13500000E+00;1.54550678E-05;-4.79412911E-09
3.14000000E+00;1.57940715E-05;-1.66016813E-08
3.14500000E+00;1.60676906E-05;-1.07261940E-08
3.15000000E+00;1.63583482E-05;4.60749415E-09
3.15500000E+00;1.65710838E-05;5.88836283E-09
3.16000000E+00;1.69154681E-05;2.17818606E-09
3.16500000E+00;1.72798954E-05;1.24925402E-09
3.17000000E+00;1.76809935E-05;-2.09139898E-08
3.17500000E+00;1.81860924E-05;-1.20638312E-09
3.18000000E+00;1.87282640E-05;-4.15154651E-09
3.18500000E+00;1.93455141E-05;-8.27059902E-12
3.19000000E+00;1.98385420E-05;7.42176353E-10
3.19500000E+00;2.06666688E-05;-1.52006351E-08
3.20000000E+00;2.14343681E-05;-1.18039280E-08
3.20500000E+00;2.25656534E-05;-8.39497892E-09
3.21000000E+00;2.37076520E-05;5.27895734E-08
3.21500000E+00;2.50203517E-05;-2.36047574E-08
3.22000000E+00;2.64992390E-05;-4.92882438E-08
3.22500000E+00;2.83518963E-05;-5.73751130E-09
3.23000000E+00;2.98321876E-05;-1.62089931E-08
3.23500000E+00;3.14820339E-05;-7.71338325E-08
3.24000000E+00;3.31939546E-05;6.47075952E-08
3.24500000E+00;3.48119537E-05;2.50469888E-08
3.25000000E+00;3.63794336E-05;-1.23681822E-09
3.25500000E+00;3.78388567E-05;-5.78929938E-08
3.26000000E+00;3.93496248E-05;-9.22595538E-09
3.26500000E+00;4.09623767E-05;2.25552359E-08
3.27000000E+00;4.21204481E-05;4.50850653E-08
3.27500000E+00;4.35270420E-05;-3.24381805E-09
3.28000000E+00;4.48199778E-05;-6.34623655E-08
3.28500000E+00;4.59983427E-05;1.60080839E-08
3.29000000E+00;4.71961467E-05;5.59851992E-08
3.29500000E+00;4.82056749E-05;2.56061783E-08
3.30000000E+00;4.92362343E-05;2.46344595E-08
3.30500000E+00;4.99351619E-05;5.74989643E-09
3.31000000E+00;5.06679096E-05;9.29196811E-08
3.31500000E+00;5.12979069E-05;3.36456587E-08
3.32000000E+00;5.17225384E-05;8.24851844E-08
3.32500000E+00;5.20808255E-05;1.55291580E-07
3.33000000E+00;5.24005859E-05;5.76999173E-08
3.33500000E+00;5.24001971E-05;6.66804956E-08
3.34000000E+00;5.25122057E-05;4.40688528E-08
3.34500000E+00;5.25887103E-05;1.30142809E-07
3.35000000E+00;5.24817620E-05;6.82675168E-08
3.35500000E+00;5.23857087E-05;2.50551938E-08
3.36000000E+00;5.23643619E-05;-8.64526964E-08
3.36500000E+00;5.21005183E-05;-1.74998300E-08
3.37000000E+00;5.19853556E-05;2.24083191E-08
3.37500000E+00;5.17819191E-05;1.20931650E-08
3.38000000E+00;5.15693377E-05;2.77084278E-08
3.38500000E+00;5.14868765E-05;6.09382156E-08
3.39000000E+00;5.13517842E-05;1.16312426E-07
3.39500000E+00;5.11794273E-05;9.24155277E-08
3.40000000E+00;5.08113441E-05;-5.62696372E-08
3.40500000E+00;5.05405150E-05;1.82326172E-08
3.41000000E+00;5.01140059E-05;-8.54034797E-08
3.41500000E+00;4.98379109E-05;2.31969988E-08
3.42000000E+00;4.95764766E-05;4.75467120E-08
3.42500000E+00;4.90466661E-05;1.54424001E-08
3.43000000E+00;4.88088553E-05;4.55733078E-08
3.43500000E+00;4.84571938E-05;-6.08219654E-09
3.44000000E+00;4.80759302E-05;4.42340545E-08
3.44500000E+00;4.76222470E-05;-4.52266169E-09
3.45000000E+00;4.71906609E-05;9.31819418E-09
3.45500000E+00;4.67100677E-05;3.47444007E-08
3.46000000E+00;4.62255060E-05;4.20596048E-08
3.46500000E+00;4.57457255E-05;2.13388073E-08
3.47000000E+00;4.53795313E-05;2.47230415E-08
3.47500000E+00;4.47937044E-05;-5.73676234E-08
3.48000000E+00;4.42510189E-05;-1.13858032E-10
3.48500000E+00;4.36039013E-05;1.22139883E-07
3.49000000E+00;4.30812104E-05;-1.75368268E-09
3.49500000E+00;4.24964682E-05;-6.89866316E-08
3.50000000E+00;4.17865211E-05;1.41900888E-08
3.50500000E+00;4.11493453E-05;3.01954907E-09
3.51000000E+00;4.05309479E-05;7.59139058E-08
3.51500000E+00;3.98485982E-05;8.07792729E-08
3.52000000E+00;3.91087556E-05;-6.69709940E-08
3.52500000E+00;3.84219875E-05;1.12910277E-08
3.53000000E+00;3.77799233E-05;1.48702447E-08
3.53500000E+00;3.69929145E-05;-2.45157422E-09
3.54000000E+00;3.62988320E-05;7.27086563E-08
3.54500000E+00;3.56963447E-05;-2.42060024E-09
3.55000000E+00;3.50203773E-05;3.95522926E-08
3.55500000E+00;3.44310803E-05;-6.75122483E-09
3.56000000E+00;3.38081878E-05;6.78331243E-09
3.56500000E+00;3.31707954E-05;7.89857903E-09
3.57000000E+00;3.26112314E-05;-2.74372969E-08
3.57500000E+00;3.18650221E-05;-3.03971528E-08
3.58000000E+00;3.12245697E-05;-1.22612363E-08
3.58500000E+00;3.05427382E-05;5.28842727E-08
3.59000000E+00;2.99977955E-05;-2.97268977E-08
3.59500000E+00;2.93685062E-05;-4.86076006E-08
3.60000000E+00;2.87558810E-05;-8.67315880E-09
3.60500000E+00;2.80836401E-05;-5.85899209E-09
3.61000000E+00;2.75017171E-05;-3.23350393E-10
3.61500000E+00;2.68235458E-05;-8.31686050E-09
3.62000000E+00;2.62099566E-05;-3.84424309E-08
3.62500000E+00;2.56917527E-05;-1.45875918E-08
3.63000000E+00;2.50644220E-05;-2.33406827E-08
3.63500000E+00;2.43835909E-05;-4.19881687E-08
3.64000000E+00;2.37511639E-05;1.18092019E-08
3.64500000E+00;2.32296165E-05;1.98000680E-08
3.65000000E+00;2.26822400E-05;4.53631362E-08
3.65500000E+00;2.21477264E-05;-8.91125256E-09
3.66000000E+00;2.14982174E-05;-6.48128159E-08
3.66500000E+00;2.08146267E-05;-2.51506468E-08
3.67000000E+00;2.01214552E-05;1.62163963E-08
3.67500000E+00;1.94353394E-05;-1.67793331E-08
3.68000000E+00;1.86509451E-05;-1.72397058E-08
3.68500000E+00;1.78743474E-05;-2.71921810E-10
3.69000000E+00;1.70722068E-05;4.16114247E-09
3.69500000E+00;1.63199373E-05;1.56738948E-10
3.70000000E+00;1.55130102E-05;-4.72905299E-08
3.70500000E+00;1.47057980E-05;-2.62464265E-08
3.71000000E+00;1.38862064E-05;2.16235838E-09
3.71500000E+00;1.30743068E-05;-2.00105414E-08
3.72000000E+00;1.21889839E-05;-3.18258450E-08
3.72500000E+00;1.13508984E-05;-1.46571283E-08
3.73000000E+00;1.05195672E-05;-2.27424993E-08
3.73500000E+00;9.70611989E-06;-4.05158243E-08
3.74000000E+00;8.95749338E-06;-1.29622362E-08
3.74500000E+00;8.30073166E-06;-1.61445558E-08
3.75000000E+00;7.53805703E-06;-1.81950614E-08
3.75500000E+00;6.85294719E-06;-3.05025539E-08
3.76000000E+00;6.17393437E-06;-1.26276536E-08
3.76500000E+00;5.50408792E-06;-2.47617652E-09
3.77000000E+00;4.84412841E-06;-1.29258474E-08
3.77500000E+00;4.25311550E-06;-9.78146422E-09
3.78000000E+00;3.64685547E-06;-1.53987636E-08
3.78500000E+00;3.07970959E-06;-8.45235576E-09
3.79000000E+00;2.51445866E-06;-1.21303044E-08
3.79500000E+00;1.99924779E-06;-1.11369274E-08
3.80000000E+00;1.50158112E-06;-1.25249499E-08
3.80500000E+00;1.08844672E-06;-1.04375690E-08
3.81000000E+00;7.54778702E-07;-1.15198552E-08
3.81500000E+00;5.03047479E-07;-1.24901499E-08
3.82000000E+00;3.17288176E-07;-1.17173474E-08
3.82500000E+00;1.88897442E-07;-9.32885013E-09
3.83000000E+00;1.05186352E-07;-9.25632043E-09
3.83500000E+00;5.56398280E-08;-9.40858006E-09
3.84000000E+00;3.65509889E-08;-1.17497358E-08
3.84500000E+00;3.56699713E-08;-9.89788069E-09
3.85000000E+00;5.67416140E-08;-6.85038053E-09
3.85500000E+00;8.76336289E-08;-8.96557699E-09
3.86000000E+00;1.34705555E-07;-1.20204415E-08
3.86500000E+00;1.96870857E-07;-7.06695759E-09
3.87000000E+00;3.09118610E-07;-1.13966745E-08
3.87500000E+00;4.32657423E-07;-9.57264547E-09
3.88000000E+00;5.84545258E-07;-1.06139084E-08
3.88500000E+00;9.02910072E-07;-1.35988703E-08
3.89000000E+00;1.28031971E-06;-1.80643755E-08
3.89500000E+00;1.81386331E-06;-1.40093715E-08
3.90000000E+00;2.50308442E-06;-2.20590361E-08
3.90500000E+00;3.29484164E-06;-1.03055434E-08
3.91000000E+00;4.18344756E-06;-7.54507458E-09
3.91500000E+00;5.22996239E-06;-1.42460153E-08
3.92000000E+00;6.30349565E-06;-1.70959327E-08
3.92500000E+00;7.45976263E-06;-2.23078146E-08
3.93000000E+00;8.40921015E-06;-2.40223345E-08
3.93500000E+00;9.17432791E-06;-1.14575438E-10
3.94000000E+00;9.84845898E-06;-6.11889420E-09
3.94500000E+00;1.02966836E-05;-1.80170271E-08
3.95000000E+00;1.06137701E-05;-1.27002755E-08
3.95500000E+00;1.07667653E-05;-5.78790507E-09
3.96000000E+00;1.08517913E-05;3.10773558E-09
3.96500000E+00;1.09310613E-05;2.71820302E-09
3.97000000E+00;1.09855325E-05;1.86036258E-08
3.97500000E+00;1.09906354E-05;-2.95829307E-08
3.98000000E+00;1.10741482E-05;-2.01035406E-08
3.98500000E+00;1.10889416E-05;-3.93698739E-09
3.99000000E+00;1.11863530E-05;-1.15857669E-08
3.99500000E+00;1.12389754E-05;-1.41161571E-08
4.00000000E+00;1.13338966E-05;1.44998001E-08
4.00500000E+00;1.14373182E-05;5.68397952E-09
4.01000000E+00;1.15784998E-05;1.97215330E-08
4.01500000E+00;1.17828115E-05;-1.35818780E-09
4.02000000E+00;1.19619726E-05;-1.54997041E-08
4.02500000E+00;1.22364698E-05;2.86025775E-10
4.03000000E+00;1.25512825E-05;-1.37715794E-08
4.03500000E+00;1.28211404E-05;-3.01902120E-09
4.04000000E+00;1.31736976E-05;-2.42304692E-08
4.04500000E+00;1.35670888E-05;-2.13631794E-08
4.05000000E+00;1.39906788E-05;1.72172149E-08
4.05500000E+00;1.44561730E-05;-2.33429058E-08
4.06000000E+00;1.49662332E-05;-1.77141703E-08
4.06500000E+00;1.55586162E-05;-1.14188230E-08
4.07000000E+00;1.61128850E-05;-3.51921315E-08
4.07500000E+00;1.67359864E-05;1.30815280E-08
4.08000000E+00;1.73596091E-05;1.24896154E-08
4.08500000E+00;1.80398653E-05;-1.67006788E-08
4.09000000E+00;1.88080285E-05;-9.49915678E-09
4.09500000E+00;1.95999813E-05;-2.63077140E-08
4.10000000E+00;2.04371327E-05;-2.85241285E-08
4.10500000E+00;2.12558907E-05;-4.09103694E-08
4.11000000E+00;2.23747905E-05;-4.67808381E-09
4.11500000E+00;2.34718569E-05;-3.90421781E-08
4.12000000E+00;2.45611808E-05;-2.47754367E-08
4.12500000E+00;2.57331253E-05;3.00988621E-08
4.13000000E+00;2.70188225E-05;-3.83249976E-08
4.13500000E+00;2.82781685E-05;3.91566281E-08
4.14000000E+00;2.95154977E-05;-2.33588631E-08
4.14500000E+00;3.07017425E-05;7.98145154E-09
4.15000000E+00;3.18033647E-05;-1.46544465E-08
4.15500000E+00;3.26781705E-05;2.89549673E-08
4.16000000E+00;3.37945800E-05;2.82110404E-08
4.16500000E+00;3.46195792E-05;-7.55804980E-08
4.17000000E+00;3.54318340E-05;7.80152043E-08
4.17500000E+00;3.62684101E-05;2.32426941E-08
4.18000000E+00;3.68598293E-05;5.95491859E-09
4.18500000E+00;3.73910197E-05;3.77967876E-08
4.19000000E+00;3.77909323E-05;-1.72226875E-08
4.19500000E+00;3.79611369E-05;9.03304515E-08
4.20000000E+00;3.81685567E-05;3.77387197E-08
4.20500000E+00;3.82594421E-05;4.48027651E-08
4.21000000E+00;3.82748517E-05;5.95903990E-08
4.21500000E+00;3.82520279E-05;-4.96747950E-08
4.22000000E+00;3.81054042E-05;3.36250653E-08
4.22500000E+00;3.80275319E-05;6.35463444E-08
4.23000000E+00;3.77558851E-05;2.44758731E-08
4.23500000E+00;3.77235528E-05;2.87866770E-08
4.24000000E+00;3.76177248E-05;2.10050620E-08
4.24500000E+00;3.75665315E-05;4.20572692E-08
4.25000000E+00;3.74667277E-05;8.16770691E-08
4.25500000E+00;3.74397751E-05;-2.12807263E-08
4.26000000E+00;3.73999549E-05;-1.23940246E-09
4.26500000E+00;3.74187187E-05;-2.45869237E-08
4.27000000E+00;3.73462799E-05;9.66691945E-08
4.27500000E+00;3.74322070E-05;5.27732887E-08
4.28000000E+00;3.74491921E-05;-2.14220199E-08
4.28500000E+00;3.75711374E-05;-2.19107487E-08
4.29000000E+00;3.76881748E-05;3.80804685E-09
4.29500000E+00;3.76656429E-05;2.11016807E-08
4.30000000E+00;3.78162925E-05;2.20234424E-08
4.30500000E+00;3.79830857E-05;5.07402635E-08
4.31000000E+00;3.80731313E-05;-1.11377710E-07
4.31500000E+00;3.81856215E-05;-7.20255663E-09
4.32000000E+00;3.84005634E-05;8.94178567E-08
4.32500000E+00;3.84565835E-05;7.69556884E-08
4.33000000E+00;3.85462061E-05;4.02896406E-08
4.33500000E+00;3.87644941E-05;4.91456438E-08
4.34000000E+00;3.88264519E-05;8.02405170E-08
4.34500000E+00;3.89651436E-05;1.07881018E-07
4.35000000E+00;3.89936764E-05;-1.63738981E-08
4.35500000E+00;3.90676133E-05;-5.02382693E-08
4.36000000E+00;3.91210409E-05;-3.01540245E-08
4.36500000E+00;3.91053633E-05;3.38379692E-08
4.37000000E+00;3.91492954E-05;3.63885485E-08
4.37500000E+00;3.92152628E-05;9.99749382E-09
4.38000000E+00;3.91212205E-05;-1.11989767E-08
4.38500000E+00;3.89923129E-05;4.10205339E-09
4.39000000E+00;3.90740958E-05;-2.70555128E-09
4.39500000E+00;3.90349163E-05;-1.94798499E-08
4.40000000E+00;3.89344653E-05;3.36816820E-08
4.40500000E+00;3.88694157E-05;-2.45416332E-08
4.41000000E+00;3.87244860E-05;3.73583031E-08
4.41500000E+00;3.86325914E-05;4.42191486E-08
4.42000000E+00;3.85477876E-05;4.42036355E-09
4.42500000E+00;3.84251356E-05;5.42952684E-08
4.43000000E+00;3.84735549E-05;9.07025708E-08
4.43500000E+00;3.83156557E-05;1.02781750E-09
4.44000000E+00;3.82809254E-05;2.70703574E-08
4.44500000E+00;3.82070252E-05;7.59506063E-08
4.45000000E+00;3.80681723E-05;2.45429588E-08
4.45500000E+00;3.80324769E-05;2.39501541E-08
4.46000000E+00;3.79226152E-05;1.07045904E-08
4.46500000E+00;3.78036742E-05;-2.44436456E-10
4.47000000E+00;3.77073379E-05;6.05331093E-08
4.47500000E+00;3.75528202E-05;-3.11975242E-08
4.48000000E+00;3.75493571E-05;-2.41010191E-08
4.48500000E+00;3.73829678E-05;-5.80852828E-08
4.49000000E+00;3.72749748E-05;4.20803517E-08
4.49500000E+00;3.71221413E-05;5.49631639E-08
4.50000000E+00;3.69849507E-05;4.63504243E-09
4.50500000E+00;3.68145465E-05;3.42417920E-08
4.51000000E+00;3.66951880E-05;2.05152838E-08
4.51500000E+00;3.65072177E-05;2.58618546E-08
4.52000000E+00;3.64734716E-05;4.11883779E-08
4.52500000E+00;3.62674116E-05;3.98624871E-08
4.53000000E+00;3.61603932E-05;-1.94752663E-08
4.53500000E+00;3.59441613E-05;-4.60102883E-08
4.54000000E+00;3.57934231E-05;-3.66107019E-09
4.54500000E+00;3.55909722E-05;1.78490994E-09
4.55000000E+00;3.54057130E-05;-4.66793773E-08
4.55500000E+00;3.53285391E-05;3.03495513E-08
4.56000000E+00;3.51844111E-05;1.24514141E-08
4.56500000E+00;3.50429223E-05;-3.60993189E-08
4.57000000E+00;3.49230535E-05;2.27521799E-08
4.57500000E+00;3.48296322E-05;-2.71652222E-08
4.58000000E+00;3.46608610E-05;-4.27610319E-08
4.58500000E+00;3.46077912E-05;-3.88445510E-08
4.59000000E+00;3.45370390E-05;5.50904243E-08
4.59500000E+00;3.43541385E-05;4.49796289E-08
4.60000000E+00;3.43260559E-05;-4.20600038E-08
4.60500000E+00;3.42579263E-05;-4.01376765E-08
4.61000000E+00;3.41756784E-05;4.24991344E-09
4.61500000E+00;3.40853523E-05;2.16007998E-09
4.62000000E+00;3.39333549E-05;-2.90757410E-08
4.62500000E+00;3.39335102E-05;2.17382729E-08
4.63000000E+00;3.38634282E-05;-1.02544780E-09
4.63500000E+00;3.37921839E-05;1.31630241E-08
4.64000000E+00;3.37218874E-05;2.20322194E-08
4.64500000E+00;3.37104805E-05;-3.22281549E-08
4.65000000E+00;3.36664878E-05;-2.64841549E-08
4.65500000E+00;3.35545484E-05;-4.78799445E-09
4.66000000E+00;3.35720722E-05;-5.94298533E-09
4.66500000E+00;3.34936365E-05;-7.84136999E-08
4.67000000E+00;3.34974880E-05;-3.70828061E-08
4.67500000E+00;3.33066778E-05;-1.38656303E-08
4.68000000E+00;3.33084222E-05;-4.08612801E-08
4.68500000E+00;3.31541105E-05;-5.79230467E-09
4.69000000E+00;3.30706359E-05;-2.59073795E-08
4.69500000E+00;3.29648246E-05;-3.29781713E-08
4.70000000E+00;3.28202069E-05;-2.26067442E-08
4.70500000E+00;3.26348450E-05;8.12230614E-09
4.71000000E+00;3.25442554E-05;-5.55144629E-08
4.71500000E+00;3.21965218E-05;1.48225705E-08
4.72000000E+00;3.19915138E-05;1.39031515E-08
4.72500000E+00;3.16677490E-05;-4.70668215E-09
4.73000000E+00;3.14019073E-05;-1.63134919E-08
4.73500000E+00;3.10117957E-05;-4.72262383E-08
4.74000000E+00;3.06271705E-05;1.14420197E-08
4.74500000E+00;3.01442761E-05;5.46199220E-09
4.75000000E+00;2.98639609E-05;9.92081861E-09
4.75500000E+00;2.93192740E-05;5.42841024E-09
4.76000000E+00;2.88892150E-05;3.44871112E-08
4.76500000E+00;2.84579813E-05;4.63830605E-09
4.77000000E+00;2.80074130E-05;1.74348046E-08
4.77500000E+00;2.74704957E-05;4.35317189E-09
4.78000000E+00;2.69871089E-05;-1.62003371E-09
4.78500000E+00;2.64180411E-05;-4.74058154E-08
4.79000000E+00;2.60371002E-05;2.70734487E-09
4.79500000E+00;2.55006384E-05;-4.31266896E-08
4.80000000E+00;2.50393145E-05;-3.74412638E-08
4.80500000E+00;2.45222103E-05;1.57114182E-08
4.81000000E+00;2.40598001E-05;1.67051605E-08
4.81500000E+00;2.35916017E-05;-6.88074155E-10
4.82000000E+00;2.31986488E-05;-3.27493504E-08
4.82500000E+00;2.27173788E-05;-2.41110884E-08
4.83000000E+00;2.23110300E-05;-1.01427170E-09
4.83500000E+00;2.20103448E-05;7.75044058E-09
4.84000000E+00;2.16876083E-05;-2.10759469E-08
4.84500000E+00;2.14023660E-05;-3.83109365E-08
4.85000000E+00;2.11189358E-05;-4.51571222E-09
4.85500000E+00;2.08559060E-05;3.64395294E-08
4.86000000E+00;2.06439718E-05;-5.93242173E-08
4.86500000E+00;2.04954918E-05;-1.39972266E-08
4.87000000E+00;2.03134469E-05;-3.19090487E-08
4.87500000E+00;2.01623940E-05;2.87996893E-08
4.88000000E+00;2.00894220E-05;1.02746305E-08
4.88500000E+00;1.99773949E-05;-7.75586060E-10
4.89000000E+00;1.98598261E-05;-4.31397606E-09
4.89500000E+00;1.97366882E-05;2.04394943E-09
4.90000000E+00;1.95665633E-05;-2.86623162E-08
4.90500000E+00;1.94658529E-05;1.32202386E-08
4.91000000E+00;1.93324789E-05;3.12858555E-08
4.91500000E+00;1.91933293E-05;-2.30533376E-08
4.92000000E+00;1.90481333E-05;-2.94440008E-08
4.92500000E+00;1.89574472E-05;2.42996380E-08
4.93000000E+00;1.88447474E-05;-2.13780883E-08
4.93500000E+00;1.86881289E-05;-1.91862139E-08
4.94000000E+00;1.85505718E-05;1.79766995E-08
4.94500000E+00;1.85309124E-05;-1.08823646E-08
4.95000000E+00;1.83971081E-05;-1.02747666E-08
4.95500000E+00;1.82980286E-05;-1.38320809E-08
4.96000000E+00;1.81496316E-05;-5.06810272E-09
4.96500000E+00;1.79953362E-05;-1.12712718E-08
4.97000000E+00;1.78316218E-05;4.22622567E-09
4.97500000E+00;1.76749624E-05;-6.66219613E-09
4.98000000E+00;1.74403127E-05;-2.53546702E-08
4.98500000E+00;1.72019236E-05;1.70176160E-08
4.99000000E+00;1.68844520E-05;1.66206331E-08
4.99500000E+00;1.65846077E-05;-3.95264066E-08
5.00000000E+00;1.61671212E-05;-1.73107200E-09
5.01000000E+00;1.52797031E-05;1.53255596E-09
5.02000000E+00;1.40853872E-05;-3.75468264E-08
5.03000000E+00;1.24725402E-05;1.00204096E-08
5.04000000E+00;1.10323522E-05;5.95557668E-09
5.05000000E+00;9.31920297E-06;-1.80693188E-08
5.06000000E+00;7.54883658E-06;-1.63917918E-08
5.07000000E+00;5.88910119E-06;-9.34907028E-10
5.08000000E+00;4.40900037E-06;-2.71339867E-08
5.09000000E+00;3.21194414E-06;-2.44480002E-08
5.10000000E+00;2.37720534E-06;-2.43106461E-08
5.11000000E+00;1.92693513E-06;-2.47362639E-08
5.12000000E+00;1.90331805E-06;-2.49612252E-08
5.13000000E+00;2.28267946E-06;-1.94809516E-08
5.14000000E+00;2.98344072E-06;-2.57324604E-08
5.15000000E+00;3.90464294E-06;-2.31691106E-08
5.16000000E+00;4.98946960E-06;-1.66779182E-08
5.17000000E+00;6.22595398E-06;-1.71862429E-08
5.18000000E+00;7.49310281E-06;-1.78992307E-08
5.19000000E+00;8.65522253E-06;-1.72141342E-09
5.20000000E+00;9.56065674E-06;-4.78108362E-09
5.21000000E+00;1.02336649E-05;-1.12879236E-08
5.22000000E+00;1.07972187E-05;-5.11658941E-09
5.23000000E+00;1.11029437E-05;-9.49297804E-10
5.24000000E+00;1.12922018E-05;-1.75777035E-08
5.25000000E+00;1.13663400E-05;-2.09533059E-08
5.26000000E+00;1.13011410E-05;-3.93264400E-09
5.27000000E+00;1.11744224E-05;-2.52178041E-09
5.28000000E+00;1.10258126E-05;-3.70723857E-09
5.29000000E+00;1.08691174E-05;-2.76705096E-08
5.30000000E+00;1.07171740E-05;-1.40445237E-08
5.31000000E+00;1.05583508E-05;-3.32333407E-08
5.32000000E+00;1.04694396E-05;-2.75324948E-08
5.33000000E+00;1.04224919E-05;1.02497947E-09
5.34000000E+00;1.05561492E-05;-5.05208845E-09
5.35000000E+00;1.07342919E-05;-2.32594561E-10
5.36000000E+00;1.10136303E-05;-1.36069450E-08
5.37000000E+00;1.12978091E-05;-5.70307680E-09
5.38000000E+00;1.17094531E-05;1.05157794E-08
5.39000000E+00;1.22834800E-05;-3.12672203E-09
5.40000000E+00;1.30823000E-05;-6.95636125E-09
5.41000000E+00;1.40390485E-05;-2.98327654E-09
5.42000000E+00;1.52274824E-05;-2.39814939E-08
5.43000000E+00;1.66830386E-05;-3.81209745E-08
5.44000000E+00;1.83274040E-05;-5.39871585E-08
5.45000000E+00;2.01865072E-05;-3.72799139E-08
5.46000000E+00;2.20921478E-05;-1.99863511E-08
5.47000000E+00;2.41040221E-05;2.38207459E-08
5.48000000E+00;2.61054016E-05;-2.66531088E-08
5.49000000E+00;2.78408637E-05;-1.35222324E-08
5.50000000E+00;2.94131289E-05;2.10806207E-08
5.51000000E+00;3.06060781E-05;-5.69882811E-09
5.52000000E+00;3.13728214E-05;5.64567469E-08
5.53000000E+00;3.19432126E-05;-2.23115509E-08
5.54000000E+00;3.20524452E-05;3.00103464E-08
5.55000000E+00;3.19664553E-05;1.58407907E-08
5.56000000E+00;3.16990371E-05;-3.37107287E-08
5.57000000E+00;3.11662514E-05;4.27133579E-08
5.58000000E+00;3.05462740E-05;-9.04733852E-09
5.59000000E+00;2.98537279E-05;1.21965013E-08
5.60000000E+00;2.91692273E-05;2.35983721E-08
5.61000000E+00;2.85457704E-05;-4.66036537E-09
5.62000000E+00;2.78599732E-05;-1.92713929E-08
5.63000000E+00;2.73270565E-05;4.75856184E-09
5.64000000E+00;2.67918401E-05;-9.80565405E-09
5.65000000E+00;2.62668660E-05;-3.99484893E-08
5.66000000E+00;2.58952110E-05;-4.39222440E-08
5.67000000E+00;2.55457364E-05;-2.10411846E-08
5.68000000E+00;2.52479698E-05;1.56947714E-08
5.69000000E+00;2.50154173E-05;3.70158915E-08
5.70000000E+00;2.47778811E-05;2.40670716E-08
5.71000000E+00;2.46200656E-05;2.06957071E-08
5.72000000E+00;2.44858186E-05;-1.20769969E-08
5.73000000E+00;2.43513042E-05;1.54673498E-08
5.74000000E+00;2.42468813E-05;-6.60369467E-09
5.75000000E+00;2.41667720E-05;-7.45790707E-09
5.76000000E+00;2.41664621E-05;2.25715355E-08
5.77000000E+00;2.42081386E-05;-1.76213606E-08
5.78000000E+00;2.42308744E-05;1.43310617E-08
5.79000000E+00;2.42561512E-05;4.39902245E-09
5.80000000E+00;2.43227040E-05;-1.75447689E-08
5.81000000E+00;2.44886095E-05;-3.96434943E-09
5.82000000E+00;2.45361095E-05;1.01631437E-08
5.83000000E+00;2.45521147E-05;-1.45234158E-09
5.84000000E+00;2.47211311E-05;5.69587515E-11
5.85000000E+00;2.48173334E-05;1.56287106E-08
5.86000000E+00;2.48538731E-05;4.04686511E-10
5.87000000E+00;2.49823904E-05;7.12037277E-09
5.88000000E+00;2.50177080E-05;-3.98462770E-08
5.89000000E+00;2.51417020E-05;3.37581426E-08
5.90000000E+00;2.51730533E-05;-1.14340216E-08
5.91000000E+00;2.52459499E-05;4.51066960E-08
5.92000000E+00;2.52066420E-05;1.41358327E-08
5.93000000E+00;2.52582792E-05;-5.19520665E-08
5.94000000E+00;2.52357384E-05;5.98734521E-08
5.95000000E+00;2.51841399E-05;-3.69430683E-08
5.96000000E+00;2.51421646E-05;2.05042652E-08
5.97000000E+00;2.51041972E-05;-5.96156621E-08
5.98000000E+00;2.50769019E-05;-1.87544430E-08
5.99000000E+00;2.49269150E-05;7.44088381E-09
6.00000000E+00;2.48810413E-05;-6.88471723E-12
6.01000000E+00;2.48090120E-05;3.48843795E-09
6.02000000E+00;2.46893118E-05;-2.34538924E-08
6.03000000E+00;2.46387727E-05;7.65558460E-09
6.04000000E+00;2.45364827E-05;-2.07319955E-08
6.05000000E+00;2.44079806E-05;-3.88582503E-09
6.06000000E+00;2.43227452E-05;1.25443280E-08
6.07000000E+00;2.42929608E-05;4.06612800E-09
6.08000000E+00;2.42133050E-05;-2.59578107E-08
6.09000000E+00;2.40477119E-05;-1.78899211E-08
6.10000000E+00;2.39854234E-05;-2.43523573E-08
6.11000000E+00;2.38582478E-05;4.18775929E-09
6.12000000E+00;2.38469431E-05;5.10568913E-08
6.13000000E+00;2.36653170E-05;-5.89463475E-09
6.14000000E+00;2.36220094E-05;2.81200148E-08
6.15000000E+00;2.35522247E-05;2.99854221E-08
6.16000000E+00;2.34163236E-05;2.50592712E-08
6.17000000E+00;2.33416975E-05;3.31534739E-08
6.18000000E+00;2.33008027E-05;-3.67134163E-09
6.19000000E+00;2.32171729E-05;-2.49618547E-08
6.20000000E+00;2.31184878E-05;2.20339783E-09
6.21000000E+00;2.30616218E-05;1.36688648E-08
6.22000000E+00;2.29794489E-05;1.99522462E-08
6.23000000E+00;2.28976385E-05;3.11446421E-09
6.24000000E+00;2.27685996E-05;-2.73219734E-10
6.25000000E+00;2.26945012E-05;-5.04427116E-09
6.26000000E+00;2.26582659E-05;6.59364287E-09
6.27000000E+00;2.26397946E-05;2.21304788E-08
6.28000000E+00;2.25776246E-05;1.22726843E-08
6.29000000E+00;2.24952323E-05;1.42820096E-08
6.30000000E+00;2.24347566E-05;-6.46333344E-09
6.31000000E+00;2.23547649E-05;1.18193726E-08
6.32000000E+00;2.23311683E-05;1.05612515E-09
6.33000000E+00;2.22298404E-05;2.22899138E-08
6.34000000E+00;2.20584076E-05;8.29187949E-09
6.35000000E+00;2.20265562E-05;-1.26802502E-08
6.36000000E+00;2.19787320E-05;-8.76622806E-09
6.37000000E+00;2.18990118E-05;-1.85677008E-08
6.38000000E+00;2.17719722E-05;-1.65935816E-08
6.39000000E+00;2.17078751E-05;1.08568664E-08
6.40000000E+00;2.16174724E-05;2.42599207E-08
6.41000000E+00;2.15739223E-05;6.51396014E-09
6.42000000E+00;2.15028780E-05;4.51304678E-08
6.43000000E+00;2.13633500E-05;2.00143595E-08
6.44000000E+00;2.13429525E-05;2.19959903E-08
6.45000000E+00;2.13211193E-05;-4.42032037E-08
6.46000000E+00;2.11482546E-05;-1.43197101E-08
6.47000000E+00;2.10721981E-05;-1.46827387E-08
6.48000000E+00;2.10745274E-05;-1.79144589E-08
6.49000000E+00;2.09068403E-05;2.59533897E-08
6.50000000E+00;2.08173182E-05;-1.50433147E-08
6.51000000E+00;2.06625317E-05;3.07933924E-09
6.52000000E+00;2.06057157E-05;-1.68314828E-08
6.53000000E+00;2.05515711E-05;-5.11192350E-08
6.54000000E+00;2.03500548E-05;-1.32568905E-08
6.55000000E+00;2.02063603E-05;-1.57899770E-09
6.56000000E+00;2.00341174E-05;-2.91611412E-08
6.57000000E+00;2.00036617E-05;1.50163409E-08
6.58000000E+00;1.98393613E-05;1.52149098E-08
6.59000000E+00;1.96948777E-05;-5.18542052E-08
6.60000000E+00;1.95887181E-05;-4.87081053E-08
6.61000000E+00;1.95338807E-05;-2.25180458E-08
6.62000000E+00;1.92823847E-05;-1.71096056E-09
6.63000000E+00;1.91279072E-05;8.29021303E-09
6.64000000E+00;1.89695518E-05;-1.45993283E-08
6.65000000E+00;1.88452151E-05;-1.75061648E-08
6.66000000E+00;1.87276856E-05;-3.00244470E-08
6.67000000E+00;1.85568135E-05;9.93525255E-10
6.68000000E+00;1.83607400E-05;-6.63784482E-09
6.69000000E+00;1.82133513E-05;8.60022008E-09
6.70000000E+00;1.81026408E-05;-1.10589507E-08
6.71000000E+00;1.79840257E-05;-7.44049783E-09
6.72000000E+00;1.78566733E-05;-2.23106792E-08
6.73000000E+00;1.77753690E-05;-2.98912617E-09
6.74000000E+00;1.76613609E-05;-2.47450866E-08
6.75000000E+00;1.75807076E-05;3.86713461E-09
6.76000000E+00;1.75072964E-05;-3.43659884E-08
6.77000000E+00;1.74878748E-05;-4.91244671E-08
6.78000000E+00;1.74384163E-05;1.20507194E-08
6.79000000E+00;1.73141299E-05;-1.04837099E-08
6.80000000E+00;1.72181733E-05;-3.02973842E-08
6.81000000E+00;1.70357052E-05;-1.96855309E-09
6.82000000E+00;1.69602726E-05;-3.53822442E-09
6.83000000E+00;1.67822785E-05;5.40611655E-10
6.84000000E+00;1.65733665E-05;-1.48277948E-08
6.85000000E+00;1.63629226E-05;8.95578427E-09
6.86000000E+00;1.61714536E-05;-1.48610800E-08
6.87000000E+00;1.61594622E-05;1.29792956E-08
6.88000000E+00;1.60385034E-05;2.32750940E-08
6.89000000E+00;1.58660950E-05;-4.19426694E-08
6.90000000E+00;1.57012904E-05;-2.55549604E-08
6.91000000E+00;1.55317283E-05;-3.90382841E-08
6.92000000E+00;1.53243688E-05;-8.16830033E-09
6.93000000E+00;1.51251081E-05;-3.00795136E-08
6.94000000E+00;1.50064528E-05;4.70836811E-09
6.95000000E+00;1.48562831E-05;-2.66060730E-08
6.96000000E+00;1.46796973E-05;-1.12068855E-08
6.97000000E+00;1.45682100E-05;-1.79311832E-08
6.98000000E+00;1.44217698E-05;-6.10041113E-09
6.99000000E+00;1.42431112E-05;-1.94358794E-08
7.00000000E+00;1.40260982E-05;-6.90769690E-09
7.01000000E+00;1.39537769E-05;-4.82124587E-08
7.02000000E+00;1.38072167E-05;1.25665030E-08
7.03000000E+00;1.37050751E-05;-5.49786990E-08
7.04000000E+00;1.37533207E-05;-4.07353086E-08
7.05000000E+00;1.37390066E-05;2.43231011E-09
7.06000000E+00;1.38869824E-05;7.68994405E-09
7.07000000E+00;1.40617726E-05;-3.79059267E-08
7.08000000E+00;1.41594907E-05;-6.81137072E-09
7.09000000E+00;1.42395239E-05;-5.51454466E-08
7.10000000E+00;1.43254402E-05;1.33466730E-08
7.11000000E+00;1.43160835E-05;-1.03607700E-08
7.12000000E+00;1.42975071E-05;-1.55850098E-08
7.13000000E+00;1.41327151E-05;1.08782605E-08
7.14000000E+00;1.40495024E-05;-2.50577082E-08
7.15000000E+00;1.39705226E-05;-1.35699371E-08
7.16000000E+00;1.37770224E-05;1.17675741E-08
7.17000000E+00;1.34879590E-05;-4.15834099E-09
7.18000000E+00;1.31192083E-05;-2.26735932E-09
7.19000000E+00;1.27200780E-05;3.95111856E-09
7.20000000E+00;1.22513834E-05;-1.17806437E-08
7.21000000E+00;1.16587642E-05;-2.16276589E-08
7.22000000E+00;1.09561642E-05;-2.40454067E-08
7.23000000E+00;1.02846878E-05;-8.03063001E-09
7.24000000E+00;9.42364942E-06;-1.05898854E-08
7.25000000E+00;8.53558933E-06;-3.77765756E-08
7.26000000E+00;7.68438383E-06;-9.94298194E-09
7.27000000E+00;6.96182788E-06;-1.17851328E-08
7.28000000E+00;6.14576373E-06;-2.32249149E-08
7.29000000E+00;5.38343073E-06;-2.37148212E-08
7.30000000E+00;4.66367413E-06;-2.83609852E-08
7.31000000E+00;3.95762604E-06;-2.17313878E-08
7.32000000E+00;3.36580842E-06;-1.89348245E-08
7.33000000E+00;2.78219218E-06;-1.31872450E-08
7.34000000E+00;2.28187823E-06;-2.04318720E-08
7.35000000E+00;1.81169847E-06;-1.94021557E-08
7.36000000E+00;1.42173946E-06;-1.89455227E-08
7.37000000E+00;1.10106549E-06;-1.65638330E-08
7.38000000E+00;8.54869473E-07;-1.90342397E-08
7.39000000E+00;6.50988476E-07;-1.58136864E-08
7.40000000E+00;4.90987647E-07;-1.40614333E-08
7.41000000E+00;3.24396825E-07;-1.11881525E-08
7.42000000E+00;2.40194937E-07;-9.77778780E-09
7.43000000E+00;1.63584434E-07;-8.60834011E-09
7.44000000E+00;1.06357602E-07;-1.13819375E-08
7.45000000E+00;6.35703605E-08;-8.52198620E-09
7.46000000E+00;3.51053534E-08;-8.62643739E-09
7.47000000E+00;1.87949448E-08;-7.45017823E-09
7.48000000E+00;1.06632814E-08;-9.77124503E-09
7.49000000E+00;6.11675092E-09;-6.82775457E-09
7.50000000E+00;4.89199231E-09;-8.51593412E-09
7.51000000E+00;-8.68306933E-10;-7.57464951E-09
7.52000000E+00;3.17792915E-12;-5.17666177E-09
7.53000000E+00;-3.86313872E-11;-7.76451173E-09
7.54000000E+00;8.70093568E-11;-4.52944860E-09
7.55000000E+00;7.21183322E-10;-6.52342464E-09
7.56000000E+00;7.91263274E-10;-7.53854027E-09
7.57000000E+00;6.99948158E-10;-4.92593639E-09
7.58000000E+00;1.72655524E-09;-4.30533940E-09
7.59000000E+00;2.24018197E-09;-6.27764626E-09
7.60000000E+00;1.44747832E-09;-6.35524262E-09
7.61000000E+00;1.77924884E-09;-6.80210746E-09
7.62000000E+00;1.38250991E-09;-6.17131089E-09
7.63000000E+00;-7.65513115E-10;-4.94858060E-09
7.64000000E+00;1.14447024E-09;-6.11536371E-09
7.65000000E+00;1.10726211E-09;-1.01925792E-08
7.66000000E+00;1.43263233E-09;-6.16118197E-09
7.67000000E+00;-1.22636720E-09;-8.56605792E-09
7.68000000E+00;-6.06165086E-10;-4.62059936E-09
7.69000000E+00;1.50061763E-09;-8.19913910E-09
7.70000000E+00;-5.65620680E-11;-5.38151799E-09
7.71000000E+00;-1.17013093E-09;-9.57653827E-09
7.72000000E+00;-1.14690543E-09;-8.49579051E-09
7.73000000E+00;1.23251847E-09;-6.13584017E-09
7.74000000E+00;3.63695439E-09;-7.71248117E-09
7.75000000E+00;4.61583610E-09;-8.11840555E-09
7.76000000E+00;3.80276613E-09;-9.24925896E-09
7.77000000E+00;4.28976619E-09;-7.97340687E-09
7.78000000E+00;9.08777591E-09;-9.62334246E-09
7.79000000E+00;1.01977898E-08;-7.18416059E-09
7.80000000E+00;1.30279908E-08;-9.40183921E-09
7.81000000E+00;1.94942434E-08;-7.95006077E-09
7.82000000E+00;2.54979463E-08;-1.02974005E-08
7.83000000E+00;3.67004155E-08;-9.16258188E-09
7.84000000E+00;5.28305359E-08;-8.21869133E-09
7.85000000E+00;7.12994313E-08;-9.03770403E-09
7.86000000E+00;8.88619699E-08;-1.07041452E-08
7.87000000E+00;1.09666483E-07;-1.25614225E-08
7.88000000E+00;1.28041576E-07;-1.24513835E-08
7.89000000E+00;1.52793954E-07;-1.26730962E-08
7.90000000E+00;1.82574438E-07;-1.19350328E-08
7.91000000E+00;2.19819658E-07;-1.38400585E-08
7.92000000E+00;2.69584745E-07;-1.13931227E-08
7.93000000E+00;3.37477722E-07;-1.03717929E-08
7.94000000E+00;4.26473747E-07;-1.34339558E-08
7.95000000E+00;5.18551529E-07;-1.14871024E-08
7.96000000E+00;6.30900201E-07;-1.14715346E-08
7.97000000E+00;7.66543803E-07;-1.28818116E-08
7.98000000E+00;9.21750885E-07;-1.30677205E-08
7.99000000E+00;1.08549968E-06;-7.51837255E-09
8.00000000E+00;1.27838445E-06;-1.04522063E-08
8.01000000E+00;1.49499059E-06;-9.72895791E-09
8.02000000E+00;1.72776282E-06;-1.35063941E-08
8.03000000E+00;2.02891783E-06;-8.36328379E-09
8.04000000E+00;2.28620593E-06;-1.46509858E-08
8.05000000E+00;2.60626106E-06;-1.23040294E-08
8.06000000E+00;2.95717192E-06;-7.44872460E-09
8.07000000E+00;3.31805745E-06;-1.21695885E-08
8.08000000E+00;3.67173085E-06;-1.38168953E-08
8.09000000E+00;4.03590919E-06;-1.67567724E-08
8.10000000E+00;4.46773032E-06;-1.47078538E-08
